{
  "@type" : "TEMPLATE",
  "uid" : "de93fc43-6b4a-47a4-9483-a3131421f85c",
  "description" : {
    "@type" : "RESOURCE_DESCRIPTION",
    "originalAuthor" : { },
    "otherContributors" : [ ],
    "lifecycleState" : {
      "codeString" : "Initial"
    },
    "ipAcknowledgements" : { },
    "references" : { },
    "conversionDetails" : { },
    "otherDetails" : {
      "MetaDataSet:Sample Set " : "Template metadata sample set ",
      "Acknowledgements" : "",
      "Business Process Level" : "",
      "Care setting" : "",
      "Client group" : "",
      "Clinical Record Element" : "",
      "Copyright" : "",
      "Issues" : "",
      "Owner" : "",
      "Sign off" : "",
      "Speciality" : "",
      "User roles" : "",
      "MD5-CAM-1.0.1" : "6567d96d6aa3f25e72a53f6db9dd4ff9",
      "PARENT:MD5-CAM-1.0.1" : "6562F732112B8B3F94790E178F4243A5"
    },
    "details" : {
      "en" : {
        "@type" : "RESOURCE_DESCRIPTION_ITEM",
        "language" : {
          "terminologyId" : {
            "value" : "ISO_639-1"
          },
          "codeString" : "en"
        },
        "purpose" : "",
        "use" : "",
        "misuse" : "",
        "originalResourceUri" : { },
        "otherDetails" : { }
      },
      "nb" : {
        "@type" : "RESOURCE_DESCRIPTION_ITEM",
        "language" : {
          "terminologyId" : {
            "value" : "ISO_639-1"
          },
          "codeString" : "nb"
        },
        "originalResourceUri" : { },
        "otherDetails" : {
          "notes" : "Generated automatically by Adl Designer"
        }
      },
      "ko" : {
        "@type" : "RESOURCE_DESCRIPTION_ITEM",
        "language" : {
          "terminologyId" : {
            "value" : "ISO_639-1"
          },
          "codeString" : "ko"
        },
        "originalResourceUri" : { },
        "otherDetails" : {
          "notes" : "Generated automatically by Adl Designer"
        }
      },
      "es-ar" : {
        "@type" : "RESOURCE_DESCRIPTION_ITEM",
        "language" : {
          "terminologyId" : {
            "value" : "ISO_639-1"
          },
          "codeString" : "es-ar"
        },
        "originalResourceUri" : { },
        "otherDetails" : {
          "notes" : "Generated automatically by Adl Designer"
        }
      },
      "ar-sy" : {
        "@type" : "RESOURCE_DESCRIPTION_ITEM",
        "language" : {
          "terminologyId" : {
            "value" : "ISO_639-1"
          },
          "codeString" : "ar-sy"
        },
        "originalResourceUri" : { },
        "otherDetails" : {
          "notes" : "Generated automatically by Adl Designer"
        }
      }
    }
  },
  "parentArchetypeId" : "openEHR-EHR-COMPOSITION.encounter.v1",
  "differential" : true,
  "archetypeId" : {
    "@type" : "ARCHETYPE_HRID",
    "value" : "openEHR-EHR-COMPOSITION.t_encounter.v1"
  },
  "definition" : {
    "@type" : "C_COMPLEX_OBJECT",
    "rmTypeName" : "COMPOSITION",
    "nodeId" : "at0000.1",
    "attributes" : [ {
      "@type" : "C_ATTRIBUTE",
      "rmAttributeName" : "context",
      "children" : [ {
        "@type" : "C_COMPLEX_OBJECT",
        "rmTypeName" : "EVENT_CONTEXT",
        "attributes" : [ ],
        "attributeTuples" : [ ]
      } ]
    }, {
      "@type" : "C_ATTRIBUTE",
      "rmAttributeName" : "content",
      "existence" : "0..1",
      "children" : [ {
        "@type" : "C_ARCHETYPE_ROOT",
        "rmTypeName" : "EVALUATION",
        "occurrences" : "0..*",
        "nodeId" : "at0.1",
        "attributes" : [ ],
        "attributeTuples" : [ ],
        "archetypeRef" : "openEHR-EHR-EVALUATION.ovl-art_cycle_summary-000.v1",
        "referenceType" : "archetypeOverlay"
      }, {
        "@type" : "C_ARCHETYPE_ROOT",
        "rmTypeName" : "ACTION",
        "occurrences" : "0..*",
        "nodeId" : "at0.2",
        "attributes" : [ ],
        "attributeTuples" : [ ],
        "archetypeRef" : "openEHR-EHR-ACTION.ovl-procedure-001.v1",
        "referenceType" : "archetypeOverlay"
      } ]
    } ],
    "attributeTuples" : [ ]
  },
  "terminology" : {
    "@type" : "ARCHETYPE_TERMINOLOGY",
    "conceptCode" : "at0000",
    "termDefinitions" : {
      "ar-sy" : {
        "at0000.1" : {
          "@type" : "ARCHETYPE_TERM",
          "code" : "at0000.1",
          "text" : "ArenaIVF-InitiateAttempt",
          "description" : "*Interaction, contact or care event between a subject of care and healthcare provider(s).(en)"
        }
      },
      "es-ar" : {
        "at0000.1" : {
          "@type" : "ARCHETYPE_TERM",
          "code" : "at0000.1",
          "text" : "ArenaIVF-InitiateAttempt",
          "description" : "*Interaction, contact or care event between a subject of care and healthcare provider(s).(en)"
        }
      },
      "en" : {
        "at0000.1" : {
          "@type" : "ARCHETYPE_TERM",
          "code" : "at0000.1",
          "text" : "ArenaIVF-InitiateAttempt",
          "description" : "Interaction, contact or care event between a subject of care and healthcare provider(s)."
        }
      },
      "ko" : {
        "at0000.1" : {
          "@type" : "ARCHETYPE_TERM",
          "code" : "at0000.1",
          "text" : "ArenaIVF-InitiateAttempt",
          "description" : "*Interaction, contact or care event between a subject of care and healthcare provider(s).(en)"
        }
      },
      "nb" : {
        "at0000.1" : {
          "@type" : "ARCHETYPE_TERM",
          "code" : "at0000.1",
          "text" : "ArenaIVF-InitiateAttempt",
          "description" : "Interaksjon, kontakt eller omsorgshendelse mellom et individ og helsepersonell."
        }
      }
    },
    "termBindings" : { },
    "terminologyExtracts" : { },
    "valueSets" : { }
  },
  "adlVersion" : "1.4",
  "buildUid" : "f7dc9bde-d493-38c4-b931-2a5e82b46220",
  "rmName" : "openehr",
  "rmRelease" : "1.1.0",
  "generated" : true,
  "templateId" : "ArenaIVF-Initiate-Attempt_v06",
  "otherMetaData" : { },
  "templateOverlays" : [ {
    "@type" : "TEMPLATE_OVERLAY",
    "uid" : "1eb7ec6c-a147-427b-b6d2-415a9e5d7cb7",
    "description" : {
      "@type" : "RESOURCE_DESCRIPTION",
      "originalAuthor" : { },
      "otherContributors" : [ ],
      "ipAcknowledgements" : { },
      "references" : { },
      "conversionDetails" : { },
      "otherDetails" : {
        "PARENT:MD5-CAM-1.0.1" : "25F1215CC42555678C01CB3B0AE84316"
      },
      "details" : { }
    },
    "parentArchetypeId" : "openEHR-EHR-EVALUATION.art_cycle_summary.v1",
    "differential" : true,
    "archetypeId" : {
      "@type" : "ARCHETYPE_HRID",
      "value" : "openEHR-EHR-EVALUATION.ovl-art_cycle_summary-000.v1"
    },
    "definition" : {
      "@type" : "C_COMPLEX_OBJECT",
      "rmTypeName" : "EVALUATION",
      "nodeId" : "at0000.1",
      "attributes" : [ {
        "@type" : "C_ATTRIBUTE",
        "rmAttributeName" : "data",
        "children" : [ {
          "@type" : "C_COMPLEX_OBJECT",
          "rmTypeName" : "ITEM_TREE",
          "nodeId" : "at0001",
          "attributes" : [ {
            "@type" : "C_ATTRIBUTE",
            "rmAttributeName" : "items",
            "children" : [ {
              "@type" : "C_COMPLEX_OBJECT",
              "rmTypeName" : "ELEMENT",
              "nodeId" : "at0003.1",
              "attributes" : [ {
                "@type" : "C_ATTRIBUTE",
                "rmAttributeName" : "value",
                "children" : [ {
                  "@type" : "C_COMPLEX_OBJECT",
                  "rmTypeName" : "DV_TEXT",
                  "attributes" : [ ],
                  "attributeTuples" : [ ]
                } ]
              } ],
              "attributeTuples" : [ ]
            }, {
              "@type" : "C_COMPLEX_OBJECT",
              "rmTypeName" : "ELEMENT",
              "nodeId" : "at0005.1",
              "attributes" : [ {
                "@type" : "C_ATTRIBUTE",
                "rmAttributeName" : "value",
                "children" : [ {
                  "@type" : "C_COMPLEX_OBJECT",
                  "rmTypeName" : "DV_CODED_TEXT",
                  "occurrences" : "0..1",
                  "attributes" : [ {
                    "@type" : "C_ATTRIBUTE",
                    "rmAttributeName" : "defining_code",
                    "existence" : "0..1",
                    "children" : [ {
                      "@type" : "C_TERMINOLOGY_CODE",
                      "terminologyId" : {
                        "value" : "DIPS_IVF_START_ATTEMPT_PROCEDURE"
                      },
                      "constraint" : [ ],
                      "includedExternalTerminologyCodes" : [ {
                        "terminologyId" : "DIPS_IVF_START_ATTEMPT_PROCEDURE",
                        "code" : "001",
                        "value" : "IVF"
                      }, {
                        "terminologyId" : "DIPS_IVF_START_ATTEMPT_PROCEDURE",
                        "code" : "002",
                        "value" : "ICSI"
                      }, {
                        "terminologyId" : "DIPS_IVF_START_ATTEMPT_PROCEDURE",
                        "code" : "003",
                        "value" : "PESA/TESA"
                      }, {
                        "terminologyId" : "DIPS_IVF_START_ATTEMPT_PROCEDURE",
                        "code" : "004",
                        "value" : "TIN"
                      }, {
                        "terminologyId" : "DIPS_IVF_START_ATTEMPT_PROCEDURE",
                        "code" : "005",
                        "value" : "EGG"
                      }, {
                        "terminologyId" : "DIPS_IVF_START_ATTEMPT_PROCEDURE",
                        "code" : "006",
                        "value" : "AIH"
                      }, {
                        "terminologyId" : "DIPS_IVF_START_ATTEMPT_PROCEDURE",
                        "code" : "007",
                        "value" : "STIM"
                      }, {
                        "terminologyId" : "DIPS_IVF_START_ATTEMPT_PROCEDURE",
                        "code" : "008",
                        "value" : "PGT"
                      }, {
                        "terminologyId" : "DIPS_IVF_START_ATTEMPT_PROCEDURE",
                        "code" : "009",
                        "value" : "IVF1"
                      }, {
                        "terminologyId" : "DIPS_IVF_START_ATTEMPT_PROCEDURE",
                        "code" : "010",
                        "value" : "AIH1"
                      }, {
                        "terminologyId" : "DIPS_IVF_START_ATTEMPT_PROCEDURE",
                        "code" : "011",
                        "value" : "IVF3"
                      }, {
                        "terminologyId" : "DIPS_IVF_START_ATTEMPT_PROCEDURE",
                        "code" : "012",
                        "value" : "AIH3"
                      }, {
                        "terminologyId" : "DIPS_IVF_START_ATTEMPT_PROCEDURE",
                        "code" : "013",
                        "value" : "IVF4"
                      }, {
                        "terminologyId" : "DIPS_IVF_START_ATTEMPT_PROCEDURE",
                        "code" : "014",
                        "value" : "AIH4"
                      }, {
                        "terminologyId" : "DIPS_IVF_START_ATTEMPT_PROCEDURE",
                        "code" : "015",
                        "value" : "SIVF"
                      }, {
                        "terminologyId" : "DIPS_IVF_START_ATTEMPT_PROCEDURE",
                        "code" : "016",
                        "value" : "STIN"
                      }, {
                        "terminologyId" : "DIPS_IVF_START_ATTEMPT_PROCEDURE",
                        "code" : "017",
                        "value" : "PGT"
                      } ]
                    } ]
                  } ],
                  "attributeTuples" : [ ]
                } ]
              } ],
              "attributeTuples" : [ ]
            }, {
              "@type" : "C_COMPLEX_OBJECT",
              "rmTypeName" : "ELEMENT",
              "nodeId" : "at0012.1",
              "attributes" : [ {
                "@type" : "C_ATTRIBUTE",
                "rmAttributeName" : "value",
                "children" : [ {
                  "@type" : "C_COMPLEX_OBJECT",
                  "rmTypeName" : "DV_CODED_TEXT",
                  "attributes" : [ {
                    "@type" : "C_ATTRIBUTE",
                    "rmAttributeName" : "defining_code",
                    "children" : [ {
                      "@type" : "C_TERMINOLOGY_CODE",
                      "rmTypeName" : "CODE_PHRASE",
                      "occurrences" : "1..1",
                      "terminologyId" : {
                        "value" : "local"
                      },
                      "constraint" : [ "at0013", "at0014", "at0015", "at0019", "at0017", "at0018", "at0020", "at0016" ]
                    } ]
                  } ],
                  "attributeTuples" : [ ]
                } ]
              } ],
              "attributeTuples" : [ ]
            }, {
              "@type" : "C_COMPLEX_OBJECT",
              "rmTypeName" : "ELEMENT",
              "nodeId" : "at0026.1",
              "attributes" : [ {
                "@type" : "C_ATTRIBUTE",
                "rmAttributeName" : "value",
                "children" : [ {
                  "@type" : "C_COMPLEX_OBJECT",
                  "rmTypeName" : "DV_CODED_TEXT",
                  "attributes" : [ {
                    "@type" : "C_ATTRIBUTE",
                    "rmAttributeName" : "defining_code",
                    "children" : [ {
                      "@type" : "C_TERMINOLOGY_CODE",
                      "rmTypeName" : "CODE_PHRASE",
                      "occurrences" : "1..1",
                      "terminologyId" : {
                        "value" : "local"
                      },
                      "constraint" : [ "at0027", "at0028", "at0029", "at0030", "at0031", "at0032", "at0033" ]
                    } ]
                  } ],
                  "attributeTuples" : [ ]
                } ]
              } ],
              "attributeTuples" : [ ]
            }, {
              "@type" : "C_COMPLEX_OBJECT",
              "rmTypeName" : "ELEMENT",
              "occurrences" : "0..0",
              "nodeId" : "at0072.1",
              "attributes" : [ {
                "@type" : "C_ATTRIBUTE",
                "rmAttributeName" : "value",
                "children" : [ {
                  "@type" : "C_COMPLEX_OBJECT",
                  "rmTypeName" : "DV_QUANTITY",
                  "attributes" : [ ],
                  "attributeTuples" : [ {
                    "@type" : "C_ATTRIBUTE_TUPLE",
                    "members" : [ {
                      "@type" : "C_ATTRIBUTE",
                      "rmAttributeName" : "magnitude",
                      "children" : [ ]
                    }, {
                      "@type" : "C_ATTRIBUTE",
                      "rmAttributeName" : "units",
                      "children" : [ ]
                    } ],
                    "tuples" : [ {
                      "@type" : "C_PRIMITIVE_TUPLE",
                      "members" : [ {
                        "@type" : "C_REAL",
                        "constraint" : [ {
                          "lower" : 0.0,
                          "lowerIncluded" : true,
                          "upperIncluded" : false,
                          "lowerUnbounded" : false,
                          "upperUnbounded" : true
                        } ]
                      }, {
                        "@type" : "C_STRING",
                        "constraint" : [ "[iU]" ]
                      } ]
                    }, {
                      "@type" : "C_PRIMITIVE_TUPLE",
                      "members" : [ {
                        "@type" : "C_REAL",
                        "constraint" : [ ]
                      }, {
                        "@type" : "C_STRING",
                        "constraint" : [ "ug" ]
                      } ]
                    } ]
                  } ]
                } ]
              } ],
              "attributeTuples" : [ ]
            }, {
              "@type" : "C_COMPLEX_OBJECT",
              "rmTypeName" : "ELEMENT",
              "occurrences" : "0..0",
              "nodeId" : "at0073.1",
              "attributes" : [ {
                "@type" : "C_ATTRIBUTE",
                "rmAttributeName" : "value",
                "children" : [ {
                  "@type" : "C_COMPLEX_OBJECT",
                  "rmTypeName" : "DV_DURATION",
                  "attributes" : [ {
                    "@type" : "C_ATTRIBUTE",
                    "rmAttributeName" : "value",
                    "children" : [ {
                      "@type" : "C_DURATION",
                      "rmTypeName" : "DURATION",
                      "occurrences" : "1..1",
                      "patternedConstraint" : "PD",
                      "constraint" : [ {
                        "lower" : "P0D",
                        "lowerIncluded" : true,
                        "upperIncluded" : false,
                        "lowerUnbounded" : false,
                        "upperUnbounded" : true
                      } ]
                    } ]
                  } ],
                  "attributeTuples" : [ ]
                } ]
              } ],
              "attributeTuples" : [ ]
            }, {
              "@type" : "C_COMPLEX_OBJECT",
              "rmTypeName" : "ELEMENT",
              "occurrences" : "0..0",
              "nodeId" : "at0042.1",
              "attributes" : [ ],
              "attributeTuples" : [ ]
            }, {
              "@type" : "C_COMPLEX_OBJECT",
              "rmTypeName" : "ELEMENT",
              "occurrences" : "0..0",
              "nodeId" : "at0043.1",
              "attributes" : [ ],
              "attributeTuples" : [ ]
            }, {
              "@type" : "C_COMPLEX_OBJECT",
              "rmTypeName" : "ELEMENT",
              "occurrences" : "0..0",
              "nodeId" : "at0044.1",
              "attributes" : [ ],
              "attributeTuples" : [ ]
            }, {
              "@type" : "C_COMPLEX_OBJECT",
              "rmTypeName" : "ELEMENT",
              "occurrences" : "0..0",
              "nodeId" : "at0071.1",
              "attributes" : [ ],
              "attributeTuples" : [ ]
            }, {
              "@type" : "C_COMPLEX_OBJECT",
              "rmTypeName" : "ELEMENT",
              "occurrences" : "0..0",
              "nodeId" : "at0045.1",
              "attributes" : [ ],
              "attributeTuples" : [ ]
            }, {
              "@type" : "C_COMPLEX_OBJECT",
              "rmTypeName" : "ELEMENT",
              "occurrences" : "0..0",
              "nodeId" : "at0046.1",
              "attributes" : [ ],
              "attributeTuples" : [ ]
            }, {
              "@type" : "C_COMPLEX_OBJECT",
              "rmTypeName" : "ELEMENT",
              "occurrences" : "0..0",
              "nodeId" : "at0047.1",
              "attributes" : [ ],
              "attributeTuples" : [ ]
            }, {
              "@type" : "C_COMPLEX_OBJECT",
              "rmTypeName" : "ELEMENT",
              "occurrences" : "0..0",
              "nodeId" : "at0048.1",
              "attributes" : [ ],
              "attributeTuples" : [ ]
            }, {
              "@type" : "C_COMPLEX_OBJECT",
              "rmTypeName" : "ELEMENT",
              "occurrences" : "0..0",
              "nodeId" : "at0049.1",
              "attributes" : [ ],
              "attributeTuples" : [ ]
            }, {
              "@type" : "C_COMPLEX_OBJECT",
              "rmTypeName" : "ELEMENT",
              "occurrences" : "0..0",
              "nodeId" : "at0050.1",
              "attributes" : [ ],
              "attributeTuples" : [ ]
            }, {
              "@type" : "C_COMPLEX_OBJECT",
              "rmTypeName" : "ELEMENT",
              "occurrences" : "0..0",
              "nodeId" : "at0051.1",
              "attributes" : [ ],
              "attributeTuples" : [ ]
            }, {
              "@type" : "C_COMPLEX_OBJECT",
              "rmTypeName" : "ELEMENT",
              "occurrences" : "0..0",
              "nodeId" : "at0052.1",
              "attributes" : [ ],
              "attributeTuples" : [ ]
            }, {
              "@type" : "C_COMPLEX_OBJECT",
              "rmTypeName" : "ELEMENT",
              "occurrences" : "0..0",
              "nodeId" : "at0034.1",
              "attributes" : [ {
                "@type" : "C_ATTRIBUTE",
                "rmAttributeName" : "value",
                "children" : [ {
                  "@type" : "C_COMPLEX_OBJECT",
                  "rmTypeName" : "DV_CODED_TEXT",
                  "attributes" : [ {
                    "@type" : "C_ATTRIBUTE",
                    "rmAttributeName" : "defining_code",
                    "children" : [ {
                      "@type" : "C_TERMINOLOGY_CODE",
                      "rmTypeName" : "CODE_PHRASE",
                      "occurrences" : "1..1",
                      "terminologyId" : {
                        "value" : "local"
                      },
                      "constraint" : [ "at0035", "at0036", "at0037", "at0038", "at0039", "at0040", "at0041" ]
                    } ]
                  } ],
                  "attributeTuples" : [ ]
                }, {
                  "@type" : "C_COMPLEX_OBJECT",
                  "rmTypeName" : "DV_TEXT",
                  "attributes" : [ ],
                  "attributeTuples" : [ ]
                } ]
              } ],
              "attributeTuples" : [ ]
            }, {
              "@type" : "C_COMPLEX_OBJECT",
              "rmTypeName" : "ELEMENT",
              "occurrences" : "0..0",
              "nodeId" : "at0054.1",
              "attributes" : [ {
                "@type" : "C_ATTRIBUTE",
                "rmAttributeName" : "value",
                "children" : [ {
                  "@type" : "C_COMPLEX_OBJECT",
                  "rmTypeName" : "DV_CODED_TEXT",
                  "attributes" : [ {
                    "@type" : "C_ATTRIBUTE",
                    "rmAttributeName" : "defining_code",
                    "children" : [ {
                      "@type" : "C_TERMINOLOGY_CODE",
                      "rmTypeName" : "CODE_PHRASE",
                      "occurrences" : "1..1",
                      "terminologyId" : {
                        "value" : "local"
                      },
                      "constraint" : [ "at0055", "at0056" ]
                    } ]
                  } ],
                  "attributeTuples" : [ ]
                } ]
              } ],
              "attributeTuples" : [ ]
            }, {
              "@type" : "C_COMPLEX_OBJECT",
              "rmTypeName" : "ELEMENT",
              "occurrences" : "0..0",
              "nodeId" : "at0053.1",
              "attributes" : [ ],
              "attributeTuples" : [ ]
            }, {
              "@type" : "C_COMPLEX_OBJECT",
              "rmTypeName" : "CLUSTER",
              "occurrences" : "0..0",
              "nodeId" : "at0057.1",
              "attributes" : [ ],
              "attributeTuples" : [ ]
            } ]
          } ],
          "attributeTuples" : [ ]
        } ]
      } ],
      "attributeTuples" : [ ]
    },
    "terminology" : {
      "@type" : "ARCHETYPE_TERMINOLOGY",
      "conceptCode" : "at0000",
      "termDefinitions" : {
        "en" : { },
        "nb" : { }
      },
      "termBindings" : { },
      "terminologyExtracts" : { },
      "valueSets" : { }
    },
    "adlVersion" : "1.4",
    "buildUid" : "8329b6ef-dbbd-49b8-9d5d-6a44434e3f02",
    "rmName" : "openehr",
    "rmRelease" : "1.1.0",
    "generated" : true,
    "otherMetaData" : { },
    "originalLanguage" : {
      "terminologyId" : {
        "value" : "ISO_639-1"
      },
      "codeString" : "en"
    },
    "translations" : [ {
      "@type" : "TRANSLATION_DETAILS",
      "language" : {
        "terminologyId" : {
          "value" : "ISO_639-1"
        },
        "codeString" : "nb"
      },
      "author" : {
        "name" : "Peter Fedorcsak, Liv Laugen, Vebjørn Arntzen",
        "organisation" : "University of Oslo, ​Oslo University Hospital, Norway",
        "email" : "peterfe@uio.no, liv.laugen@ous-hf.no, varntzen@ous-hf.no"
      },
      "otherDetails" : { }
    } ]
  }, {
    "@type" : "TEMPLATE_OVERLAY",
    "uid" : "a8585fcc-28d7-4902-aa42-31d1c01f7213",
    "description" : {
      "@type" : "RESOURCE_DESCRIPTION",
      "originalAuthor" : { },
      "otherContributors" : [ ],
      "ipAcknowledgements" : { },
      "references" : { },
      "conversionDetails" : { },
      "otherDetails" : {
        "PARENT:MD5-CAM-1.0.1" : "207493C3C82CA604F5510C04A141A840"
      },
      "details" : { }
    },
    "parentArchetypeId" : "openEHR-EHR-ACTION.procedure.v1",
    "differential" : true,
    "archetypeId" : {
      "@type" : "ARCHETYPE_HRID",
      "value" : "openEHR-EHR-ACTION.ovl-procedure-001.v1"
    },
    "definition" : {
      "@type" : "C_COMPLEX_OBJECT",
      "rmTypeName" : "ACTION",
      "nodeId" : "at0000.1",
      "attributes" : [ {
        "@type" : "C_ATTRIBUTE",
        "rmAttributeName" : "description",
        "children" : [ {
          "@type" : "C_COMPLEX_OBJECT",
          "rmTypeName" : "ITEM_TREE",
          "nodeId" : "at0001",
          "attributes" : [ {
            "@type" : "C_ATTRIBUTE",
            "rmAttributeName" : "items",
            "children" : [ {
              "@type" : "C_COMPLEX_OBJECT",
              "rmTypeName" : "ELEMENT",
              "nodeId" : "at0002.1",
              "attributes" : [ {
                "@type" : "C_ATTRIBUTE",
                "rmAttributeName" : "value",
                "children" : [ {
                  "@type" : "C_COMPLEX_OBJECT",
                  "rmTypeName" : "DV_CODED_TEXT",
                  "occurrences" : "0..1",
                  "attributes" : [ {
                    "@type" : "C_ATTRIBUTE",
                    "rmAttributeName" : "defining_code",
                    "existence" : "0..1",
                    "children" : [ {
                      "@type" : "C_TERMINOLOGY_CODE",
                      "terminologyId" : {
                        "value" : "IVFInitalRequest"
                      },
                      "constraint" : [ ],
                      "includedExternalTerminologyCodes" : [ {
                        "terminologyId" : "IVFInitalRequest",
                        "code" : "002",
                        "value" : "IVF Forsøksperiode"
                      } ]
                    } ]
                  } ],
                  "attributeTuples" : [ ]
                } ]
              } ],
              "attributeTuples" : [ ]
            }, {
              "@type" : "C_COMPLEX_OBJECT",
              "rmTypeName" : "ELEMENT",
              "occurrences" : "0..0",
              "nodeId" : "at0049.1",
              "attributes" : [ ],
              "attributeTuples" : [ ]
            }, {
              "@type" : "C_COMPLEX_OBJECT",
              "rmTypeName" : "ELEMENT",
              "occurrences" : "0..0",
              "nodeId" : "at0065.1",
              "attributes" : [ ],
              "attributeTuples" : [ ]
            }, {
              "@type" : "C_COMPLEX_OBJECT",
              "rmTypeName" : "ELEMENT",
              "occurrences" : "0..0",
              "nodeId" : "at0058.1",
              "attributes" : [ ],
              "attributeTuples" : [ ]
            }, {
              "@type" : "C_COMPLEX_OBJECT",
              "rmTypeName" : "ELEMENT",
              "occurrences" : "0..0",
              "nodeId" : "at0063.1",
              "attributes" : [ ],
              "attributeTuples" : [ ]
            }, {
              "@type" : "C_COMPLEX_OBJECT",
              "rmTypeName" : "ELEMENT",
              "occurrences" : "0..0",
              "nodeId" : "at0048.1",
              "attributes" : [ ],
              "attributeTuples" : [ ]
            }, {
              "@type" : "C_COMPLEX_OBJECT",
              "rmTypeName" : "ELEMENT",
              "occurrences" : "0..0",
              "nodeId" : "at0069.1",
              "attributes" : [ ],
              "attributeTuples" : [ ]
            }, {
              "@type" : "C_COMPLEX_OBJECT",
              "rmTypeName" : "ELEMENT",
              "occurrences" : "0..0",
              "nodeId" : "at0006.1",
              "attributes" : [ ],
              "attributeTuples" : [ ]
            }, {
              "@type" : "C_COMPLEX_OBJECT",
              "rmTypeName" : "ELEMENT",
              "occurrences" : "0..0",
              "nodeId" : "at0060.1",
              "attributes" : [ ],
              "attributeTuples" : [ ]
            }, {
              "@type" : "C_COMPLEX_OBJECT",
              "rmTypeName" : "ELEMENT",
              "occurrences" : "0..0",
              "nodeId" : "at0061.1",
              "attributes" : [ {
                "@type" : "C_ATTRIBUTE",
                "rmAttributeName" : "value",
                "children" : [ {
                  "@type" : "C_COMPLEX_OBJECT",
                  "rmTypeName" : "DV_DURATION",
                  "attributes" : [ {
                    "@type" : "C_ATTRIBUTE",
                    "rmAttributeName" : "value",
                    "children" : [ {
                      "@type" : "C_DURATION",
                      "rmTypeName" : "DURATION",
                      "occurrences" : "1..1",
                      "constraint" : [ {
                        "lower" : "PT0S",
                        "lowerIncluded" : true,
                        "upperIncluded" : false,
                        "lowerUnbounded" : false,
                        "upperUnbounded" : true
                      } ]
                    } ]
                  } ],
                  "attributeTuples" : [ ]
                } ]
              } ],
              "attributeTuples" : [ ]
            }, {
              "@type" : "C_COMPLEX_OBJECT",
              "rmTypeName" : "ELEMENT",
              "occurrences" : "0..0",
              "nodeId" : "at0067.1",
              "attributes" : [ ],
              "attributeTuples" : [ ]
            }, {
              "@type" : "C_COMPLEX_OBJECT",
              "rmTypeName" : "ELEMENT",
              "occurrences" : "0..0",
              "nodeId" : "at0014.1",
              "attributes" : [ ],
              "attributeTuples" : [ ]
            } ]
          } ],
          "attributeTuples" : [ ]
        } ]
      }, {
        "@type" : "C_ATTRIBUTE",
        "rmAttributeName" : "protocol",
        "children" : [ {
          "@type" : "C_COMPLEX_OBJECT",
          "rmTypeName" : "ITEM_TREE",
          "nodeId" : "at0053",
          "attributes" : [ {
            "@type" : "C_ATTRIBUTE",
            "rmAttributeName" : "items",
            "children" : [ {
              "@type" : "C_COMPLEX_OBJECT",
              "rmTypeName" : "ELEMENT",
              "occurrences" : "0..0",
              "nodeId" : "at0054.1",
              "attributes" : [ {
                "@type" : "C_ATTRIBUTE",
                "rmAttributeName" : "value",
                "children" : [ {
                  "@type" : "C_COMPLEX_OBJECT",
                  "rmTypeName" : "DV_TEXT",
                  "attributes" : [ ],
                  "attributeTuples" : [ ]
                }, {
                  "@type" : "C_COMPLEX_OBJECT",
                  "rmTypeName" : "DV_IDENTIFIER",
                  "attributes" : [ ],
                  "attributeTuples" : [ ]
                } ]
              } ],
              "attributeTuples" : [ ]
            }, {
              "@type" : "C_COMPLEX_OBJECT",
              "rmTypeName" : "ELEMENT",
              "occurrences" : "0..0",
              "nodeId" : "at0056.1",
              "attributes" : [ {
                "@type" : "C_ATTRIBUTE",
                "rmAttributeName" : "value",
                "children" : [ {
                  "@type" : "C_COMPLEX_OBJECT",
                  "rmTypeName" : "DV_TEXT",
                  "attributes" : [ ],
                  "attributeTuples" : [ ]
                }, {
                  "@type" : "C_COMPLEX_OBJECT",
                  "rmTypeName" : "DV_IDENTIFIER",
                  "attributes" : [ ],
                  "attributeTuples" : [ ]
                } ]
              } ],
              "attributeTuples" : [ ]
            } ]
          } ],
          "attributeTuples" : [ ]
        } ]
      } ],
      "attributeTuples" : [ ]
    },
    "terminology" : {
      "@type" : "ARCHETYPE_TERMINOLOGY",
      "conceptCode" : "at0000",
      "termDefinitions" : {
        "pt-br" : { },
        "sl" : { },
        "en" : { },
        "ar-sy" : { },
        "ru" : { },
        "nb" : { },
        "es" : { }
      },
      "termBindings" : { },
      "terminologyExtracts" : { },
      "valueSets" : { }
    },
    "adlVersion" : "1.4",
    "buildUid" : "0dde1e2c-a426-4877-bc59-cc41184014d5",
    "rmName" : "openehr",
    "rmRelease" : "1.1.0",
    "generated" : true,
    "otherMetaData" : { },
    "originalLanguage" : {
      "terminologyId" : {
        "value" : "ISO_639-1"
      },
      "codeString" : "en"
    },
    "translations" : [ {
      "@type" : "TRANSLATION_DETAILS",
      "language" : {
        "terminologyId" : {
          "value" : "ISO_639-1"
        },
        "codeString" : "ru"
      },
      "author" : {
        "name" : "Art Latyp; Латыпов Артур",
        "organisation" : "RusBITech; РусБИТех, Москва"
      },
      "accreditation" : "hmm",
      "otherDetails" : { }
    }, {
      "@type" : "TRANSLATION_DETAILS",
      "language" : {
        "terminologyId" : {
          "value" : "ISO_639-1"
        },
        "codeString" : "nb"
      },
      "author" : {
        "name" : "John Tore Valand / Silje Ljosland Bakke",
        "organisation" : "Helse Bergen HF / Nasjonal IKT HF"
      },
      "otherDetails" : { }
    }, {
      "@type" : "TRANSLATION_DETAILS",
      "language" : {
        "terminologyId" : {
          "value" : "ISO_639-1"
        },
        "codeString" : "pt-br"
      },
      "author" : {
        "name" : "Osmeire Chamelette Sanzovo",
        "organisation" : "Hospital Sírio Libanês",
        "email" : "osmeire.acsanzovo@hsl.org.br"
      },
      "otherDetails" : { }
    }, {
      "@type" : "TRANSLATION_DETAILS",
      "language" : {
        "terminologyId" : {
          "value" : "ISO_639-1"
        },
        "codeString" : "ar-sy"
      },
      "author" : {
        "name" : "Mona Saleh"
      },
      "otherDetails" : { }
    }, {
      "@type" : "TRANSLATION_DETAILS",
      "language" : {
        "terminologyId" : {
          "value" : "ISO_639-1"
        },
        "codeString" : "sl"
      },
      "author" : {
        "name" : "Uroš Rajkovič, Biljana Prinčič",
        "organisation" : "Slovenia"
      },
      "otherDetails" : { }
    }, {
      "@type" : "TRANSLATION_DETAILS",
      "language" : {
        "terminologyId" : {
          "value" : "ISO_639-1"
        },
        "codeString" : "es"
      },
      "author" : {
        "name" : "Pablo Pazos",
        "organisation" : "CaboLabs",
        "pablo.pazos@cabolabs.com" : "pablo.pazos@cabolabs.com",
        "email" : "pablo.pazos@cabolabs.com"
      },
      "accreditation" : "Computer Engineer",
      "otherDetails" : { }
    } ]
  } ],
  "originalLanguage" : {
    "terminologyId" : {
      "value" : "ISO_639-1"
    },
    "codeString" : "en"
  },
  "translations" : [ {
    "@type" : "TRANSLATION_DETAILS",
    "language" : {
      "terminologyId" : {
        "value" : "ISO_639-1"
      },
      "codeString" : "nb"
    },
    "author" : {
      "name" : "Lars Bitsch-Larsen",
      "organisation" : "Haukeland University Hospital of Bergen, Norway",
      "email" : "lbla@helse-bergen.no"
    },
    "accreditation" : "MD, DEAA, MBA, spec in anesthesia, spec in tropical medicine.",
    "otherDetails" : { }
  }, {
    "@type" : "TRANSLATION_DETAILS",
    "language" : {
      "terminologyId" : {
        "value" : "ISO_639-1"
      },
      "codeString" : "ko"
    },
    "author" : {
      "name" : "Seung-Jong Yu",
      "organisation" : "NOUSCO Co.,Ltd.",
      "email" : "seungjong.yu@gmail.com"
    },
    "accreditation" : "Certified Board of Family Medicine in South Korea",
    "otherDetails" : { }
  }, {
    "@type" : "TRANSLATION_DETAILS",
    "language" : {
      "terminologyId" : {
        "value" : "ISO_639-1"
      },
      "codeString" : "es-ar"
    },
    "author" : {
      "name" : "Edgardo Vazquez",
      "organisation" : "VinculoMedico"
    },
    "accreditation" : "Medical Doctor",
    "otherDetails" : { }
  }, {
    "@type" : "TRANSLATION_DETAILS",
    "language" : {
      "terminologyId" : {
        "value" : "ISO_639-1"
      },
      "codeString" : "ar-sy"
    },
    "author" : {
      "name" : "Mona Saleh"
    },
    "otherDetails" : { }
  } ]
}