{
  "@type" : "TEMPLATE",
  "uid" : "90c13937-b6f9-42a8-a276-62175cce9725",
  "description" : {
    "@type" : "RESOURCE_DESCRIPTION",
    "originalAuthor" : { },
    "otherContributors" : [ ],
    "lifecycleState" : {
      "codeString" : "Initial"
    },
    "ipAcknowledgements" : { },
    "references" : { },
    "conversionDetails" : { },
    "otherDetails" : {
      "MetaDataSet:Sample Set " : "Template metadata sample set ",
      "Acknowledgements" : "",
      "Business Process Level" : "",
      "Care setting" : "",
      "Client group" : "",
      "Clinical Record Element" : "",
      "Copyright" : "",
      "Issues" : "",
      "Owner" : "",
      "Sign off" : "",
      "Speciality" : "",
      "User roles" : "",
      "MD5-CAM-1.0.1" : "3958dbe73fec9855399bbb7e13af749c",
      "PARENT:MD5-CAM-1.0.1" : "6562F732112B8B3F94790E178F4243A5"
    },
    "details" : {
      "en" : {
        "@type" : "RESOURCE_DESCRIPTION_ITEM",
        "language" : {
          "terminologyId" : {
            "value" : "ISO_639-1"
          },
          "codeString" : "en"
        },
        "purpose" : "",
        "use" : "",
        "misuse" : "",
        "originalResourceUri" : { },
        "otherDetails" : { }
      },
      "nb" : {
        "@type" : "RESOURCE_DESCRIPTION_ITEM",
        "language" : {
          "terminologyId" : {
            "value" : "ISO_639-1"
          },
          "codeString" : "nb"
        },
        "originalResourceUri" : { },
        "otherDetails" : {
          "notes" : "Generated automatically by Adl Designer"
        }
      },
      "ko" : {
        "@type" : "RESOURCE_DESCRIPTION_ITEM",
        "language" : {
          "terminologyId" : {
            "value" : "ISO_639-1"
          },
          "codeString" : "ko"
        },
        "originalResourceUri" : { },
        "otherDetails" : {
          "notes" : "Generated automatically by Adl Designer"
        }
      },
      "es-ar" : {
        "@type" : "RESOURCE_DESCRIPTION_ITEM",
        "language" : {
          "terminologyId" : {
            "value" : "ISO_639-1"
          },
          "codeString" : "es-ar"
        },
        "originalResourceUri" : { },
        "otherDetails" : {
          "notes" : "Generated automatically by Adl Designer"
        }
      },
      "ar-sy" : {
        "@type" : "RESOURCE_DESCRIPTION_ITEM",
        "language" : {
          "terminologyId" : {
            "value" : "ISO_639-1"
          },
          "codeString" : "ar-sy"
        },
        "originalResourceUri" : { },
        "otherDetails" : {
          "notes" : "Generated automatically by Adl Designer"
        }
      }
    }
  },
  "parentArchetypeId" : "openEHR-EHR-COMPOSITION.encounter.v1",
  "differential" : true,
  "archetypeId" : {
    "@type" : "ARCHETYPE_HRID",
    "value" : "openEHR-EHR-COMPOSITION.t_encounter.v1"
  },
  "definition" : {
    "@type" : "C_COMPLEX_OBJECT",
    "rmTypeName" : "COMPOSITION",
    "nodeId" : "at0000.1",
    "attributes" : [ {
      "@type" : "C_ATTRIBUTE",
      "rmAttributeName" : "context",
      "children" : [ {
        "@type" : "C_COMPLEX_OBJECT",
        "rmTypeName" : "EVENT_CONTEXT",
        "attributes" : [ {
          "@type" : "C_ATTRIBUTE",
          "rmAttributeName" : "other_context",
          "children" : [ {
            "@type" : "C_COMPLEX_OBJECT",
            "rmTypeName" : "ITEM_TREE",
            "nodeId" : "at0001",
            "attributes" : [ {
              "@type" : "C_ATTRIBUTE",
              "rmAttributeName" : "items",
              "children" : [ {
                "@type" : "C_ARCHETYPE_ROOT",
                "rmTypeName" : "CLUSTER",
                "occurrences" : "0..*",
                "nodeId" : "at0002.1",
                "attributes" : [ ],
                "attributeTuples" : [ ],
                "archetypeRef" : "openEHR-EHR-CLUSTER.ovl-ivf_partner_dips-000.v1",
                "referenceType" : "archetypeOverlay"
              } ]
            } ],
            "attributeTuples" : [ ]
          } ]
        } ],
        "attributeTuples" : [ ]
      } ]
    }, {
      "@type" : "C_ATTRIBUTE",
      "rmAttributeName" : "content",
      "existence" : "0..1",
      "children" : [ {
        "@type" : "C_ARCHETYPE_ROOT",
        "rmTypeName" : "EVALUATION",
        "occurrences" : "0..*",
        "nodeId" : "at0.1",
        "attributes" : [ ],
        "attributeTuples" : [ ],
        "archetypeRef" : "openEHR-EHR-EVALUATION.ovl-social_summary-001.v1",
        "referenceType" : "archetypeOverlay"
      }, {
        "@type" : "C_ARCHETYPE_ROOT",
        "rmTypeName" : "INSTRUCTION",
        "occurrences" : "1..1",
        "nodeId" : "at0.2",
        "attributes" : [ ],
        "attributeTuples" : [ ],
        "archetypeRef" : "openEHR-EHR-INSTRUCTION.ovl-service_request-003.v1",
        "referenceType" : "archetypeOverlay"
      }, {
        "@type" : "C_ARCHETYPE_ROOT",
        "rmTypeName" : "EVALUATION",
        "occurrences" : "0..*",
        "nodeId" : "at0.3",
        "attributes" : [ ],
        "attributeTuples" : [ ],
        "archetypeRef" : "openEHR-EHR-EVALUATION.ovl-art_cycle_summary-004.v1",
        "referenceType" : "archetypeOverlay"
      }, {
        "@type" : "C_ARCHETYPE_ROOT",
        "rmTypeName" : "ACTION",
        "occurrences" : "0..1",
        "nodeId" : "at0.4",
        "attributes" : [ ],
        "attributeTuples" : [ ],
        "archetypeRef" : "openEHR-EHR-ACTION.ovl-informed_consent_dips-005.v1",
        "referenceType" : "archetypeOverlay"
      }, {
        "@type" : "C_ARCHETYPE_ROOT",
        "rmTypeName" : "EVALUATION",
        "occurrences" : "0..*",
        "nodeId" : "at0.5",
        "attributes" : [ ],
        "attributeTuples" : [ ],
        "archetypeRef" : "openEHR-EHR-EVALUATION.ovl-precaution-006.v1",
        "referenceType" : "archetypeOverlay"
      } ]
    } ],
    "attributeTuples" : [ ]
  },
  "terminology" : {
    "@type" : "ARCHETYPE_TERMINOLOGY",
    "conceptCode" : "at0000",
    "termDefinitions" : {
      "ar-sy" : {
        "at0000.1" : {
          "@type" : "ARCHETYPE_TERM",
          "code" : "at0000.1",
          "text" : "ArenaIVF_InitialRequest",
          "description" : "*Interaction, contact or care event between a subject of care and healthcare provider(s).(en)"
        }
      },
      "es-ar" : {
        "at0000.1" : {
          "@type" : "ARCHETYPE_TERM",
          "code" : "at0000.1",
          "text" : "ArenaIVF_InitialRequest",
          "description" : "*Interaction, contact or care event between a subject of care and healthcare provider(s).(en)"
        }
      },
      "en" : {
        "at0000.1" : {
          "@type" : "ARCHETYPE_TERM",
          "code" : "at0000.1",
          "text" : "ArenaIVF_InitialRequest",
          "description" : "Interaction, contact or care event between a subject of care and healthcare provider(s)."
        }
      },
      "ko" : {
        "at0000.1" : {
          "@type" : "ARCHETYPE_TERM",
          "code" : "at0000.1",
          "text" : "ArenaIVF_InitialRequest",
          "description" : "*Interaction, contact or care event between a subject of care and healthcare provider(s).(en)"
        }
      },
      "nb" : {
        "at0000.1" : {
          "@type" : "ARCHETYPE_TERM",
          "code" : "at0000.1",
          "text" : "ArenaIVF_InitialRequest",
          "description" : "Interaksjon, kontakt eller omsorgshendelse mellom et individ og helsepersonell."
        }
      }
    },
    "termBindings" : { },
    "terminologyExtracts" : { },
    "valueSets" : { }
  },
  "adlVersion" : "1.4",
  "buildUid" : "f7dc9bde-d493-38c4-b931-2a5e82b46220",
  "rmName" : "openehr",
  "rmRelease" : "1.1.0",
  "generated" : true,
  "templateId" : "ArenaIVF-Start-Main-Request_v4",
  "otherMetaData" : { },
  "templateOverlays" : [ {
    "@type" : "TEMPLATE_OVERLAY",
    "uid" : "296d8968-a1e4-3895-82b2-327973f4a7fd",
    "description" : {
      "@type" : "RESOURCE_DESCRIPTION",
      "originalAuthor" : { },
      "otherContributors" : [ ],
      "ipAcknowledgements" : { },
      "references" : { },
      "conversionDetails" : { },
      "otherDetails" : {
        "PARENT:MD5-CAM-1.0.1" : "A5A57B34A196408B22B73C199DF1C24E"
      },
      "details" : { }
    },
    "parentArchetypeId" : "openEHR-EHR-CLUSTER.ivf_partner_dips.v1",
    "differential" : true,
    "archetypeId" : {
      "@type" : "ARCHETYPE_HRID",
      "value" : "openEHR-EHR-CLUSTER.ovl-ivf_partner_dips-000.v1"
    },
    "definition" : {
      "@type" : "C_COMPLEX_OBJECT",
      "rmTypeName" : "CLUSTER",
      "nodeId" : "at0000.1",
      "attributes" : [ ],
      "attributeTuples" : [ ]
    },
    "terminology" : {
      "@type" : "ARCHETYPE_TERMINOLOGY",
      "conceptCode" : "at0000",
      "termDefinitions" : {
        "nb" : { }
      },
      "termBindings" : { },
      "terminologyExtracts" : { },
      "valueSets" : { }
    },
    "adlVersion" : "1.4",
    "buildUid" : "5f9bf0a7-2e56-3520-9058-0e26044bfaaa",
    "rmName" : "openehr",
    "rmRelease" : "1.1.0",
    "generated" : true,
    "otherMetaData" : { },
    "originalLanguage" : {
      "terminologyId" : {
        "value" : "ISO_639-1"
      },
      "codeString" : "nb"
    },
    "translations" : [ ]
  }, {
    "@type" : "TEMPLATE_OVERLAY",
    "uid" : "b980dd81-746f-4da8-9138-105172f30416",
    "description" : {
      "@type" : "RESOURCE_DESCRIPTION",
      "originalAuthor" : { },
      "otherContributors" : [ ],
      "ipAcknowledgements" : { },
      "references" : { },
      "conversionDetails" : { },
      "otherDetails" : {
        "PARENT:MD5-CAM-1.0.1" : "578035E6B05F0E613FB7A70B42E0C1F7"
      },
      "details" : { }
    },
    "parentArchetypeId" : "openEHR-EHR-EVALUATION.social_summary.v1",
    "differential" : true,
    "archetypeId" : {
      "@type" : "ARCHETYPE_HRID",
      "value" : "openEHR-EHR-EVALUATION.ovl-social_summary-001.v1"
    },
    "definition" : {
      "@type" : "C_COMPLEX_OBJECT",
      "rmTypeName" : "EVALUATION",
      "nodeId" : "at0000.1",
      "attributes" : [ {
        "@type" : "C_ATTRIBUTE",
        "rmAttributeName" : "data",
        "children" : [ {
          "@type" : "C_COMPLEX_OBJECT",
          "rmTypeName" : "ITEM_TREE",
          "nodeId" : "at0001",
          "attributes" : [ {
            "@type" : "C_ATTRIBUTE",
            "rmAttributeName" : "items",
            "children" : [ {
              "@type" : "C_COMPLEX_OBJECT",
              "rmTypeName" : "ELEMENT",
              "occurrences" : "0..0",
              "nodeId" : "at0002.1",
              "attributes" : [ ],
              "attributeTuples" : [ ]
            }, {
              "@type" : "C_ARCHETYPE_ROOT",
              "rmTypeName" : "CLUSTER",
              "occurrences" : "0..*",
              "nodeId" : "at0003.1",
              "attributes" : [ ],
              "attributeTuples" : [ ],
              "archetypeRef" : "openEHR-EHR-CLUSTER.ovl-marietal_status_dips-002.v1",
              "referenceType" : "archetypeOverlay"
            } ]
          } ],
          "attributeTuples" : [ ]
        } ]
      } ],
      "attributeTuples" : [ ]
    },
    "terminology" : {
      "@type" : "ARCHETYPE_TERMINOLOGY",
      "conceptCode" : "at0000",
      "termDefinitions" : {
        "en" : { },
        "nb" : { }
      },
      "termBindings" : { },
      "terminologyExtracts" : { },
      "valueSets" : { }
    },
    "adlVersion" : "1.4",
    "buildUid" : "f8e651fc-cf4e-4276-a8be-7f23e748eabb",
    "rmName" : "openehr",
    "rmRelease" : "1.1.0",
    "generated" : true,
    "otherMetaData" : { },
    "originalLanguage" : {
      "terminologyId" : {
        "value" : "ISO_639-1"
      },
      "codeString" : "en"
    },
    "translations" : [ {
      "@type" : "TRANSLATION_DETAILS",
      "language" : {
        "terminologyId" : {
          "value" : "ISO_639-1"
        },
        "codeString" : "nb"
      },
      "author" : {
        "name" : "John Tore Valand og Silje Ljosland Bakke",
        "organisation" : "Helse Bergen og Nasjonal IKT"
      },
      "otherDetails" : { }
    } ]
  }, {
    "@type" : "TEMPLATE_OVERLAY",
    "uid" : "49c80ec6-7b77-4b3c-9fec-f1844d76e418",
    "description" : {
      "@type" : "RESOURCE_DESCRIPTION",
      "originalAuthor" : { },
      "otherContributors" : [ ],
      "ipAcknowledgements" : { },
      "references" : { },
      "conversionDetails" : { },
      "otherDetails" : {
        "PARENT:MD5-CAM-1.0.1" : "4757F4FCCD3BC3EF490A3D5C8E1A4C38"
      },
      "details" : { }
    },
    "parentArchetypeId" : "openEHR-EHR-CLUSTER.marietal_status_dips.v1",
    "differential" : true,
    "archetypeId" : {
      "@type" : "ARCHETYPE_HRID",
      "value" : "openEHR-EHR-CLUSTER.ovl-marietal_status_dips-002.v1"
    },
    "definition" : {
      "@type" : "C_COMPLEX_OBJECT",
      "rmTypeName" : "CLUSTER",
      "nodeId" : "at0000.1",
      "attributes" : [ ],
      "attributeTuples" : [ ]
    },
    "terminology" : {
      "@type" : "ARCHETYPE_TERMINOLOGY",
      "conceptCode" : "at0000",
      "termDefinitions" : {
        "en" : { },
        "nb" : { }
      },
      "termBindings" : { },
      "terminologyExtracts" : { },
      "valueSets" : { }
    },
    "adlVersion" : "1.4",
    "buildUid" : "f6fbff00-0c19-4ec0-b7e3-bd0d8c41ca9c",
    "rmName" : "openehr",
    "rmRelease" : "1.1.0",
    "generated" : true,
    "otherMetaData" : { },
    "originalLanguage" : {
      "terminologyId" : {
        "value" : "ISO_639-1"
      },
      "codeString" : "nb"
    },
    "translations" : [ {
      "@type" : "TRANSLATION_DETAILS",
      "language" : {
        "terminologyId" : {
          "value" : "ISO_639-1"
        },
        "codeString" : "en"
      },
      "author" : {
        "name" : "?"
      },
      "otherDetails" : { }
    } ]
  }, {
    "@type" : "TEMPLATE_OVERLAY",
    "uid" : "78a6ff1a-4bfc-4b21-8af2-17a111d4976a",
    "description" : {
      "@type" : "RESOURCE_DESCRIPTION",
      "originalAuthor" : { },
      "otherContributors" : [ ],
      "ipAcknowledgements" : { },
      "references" : { },
      "conversionDetails" : { },
      "otherDetails" : {
        "PARENT:MD5-CAM-1.0.1" : "5382BB9C8110F865C042A7A8DC4A000E"
      },
      "details" : { }
    },
    "parentArchetypeId" : "openEHR-EHR-INSTRUCTION.service_request.v1",
    "differential" : true,
    "archetypeId" : {
      "@type" : "ARCHETYPE_HRID",
      "value" : "openEHR-EHR-INSTRUCTION.ovl-service_request-003.v1"
    },
    "definition" : {
      "@type" : "C_COMPLEX_OBJECT",
      "rmTypeName" : "INSTRUCTION",
      "nodeId" : "at0000.1",
      "attributes" : [ {
        "@type" : "C_ATTRIBUTE",
        "rmAttributeName" : "activities",
        "children" : [ {
          "@type" : "C_COMPLEX_OBJECT",
          "rmTypeName" : "ACTIVITY",
          "nodeId" : "at0001",
          "attributes" : [ {
            "@type" : "C_ATTRIBUTE",
            "rmAttributeName" : "description",
            "children" : [ {
              "@type" : "C_COMPLEX_OBJECT",
              "rmTypeName" : "ITEM_TREE",
              "nodeId" : "at0009",
              "attributes" : [ {
                "@type" : "C_ATTRIBUTE",
                "rmAttributeName" : "items",
                "children" : [ {
                  "@type" : "C_COMPLEX_OBJECT",
                  "rmTypeName" : "ELEMENT",
                  "nodeId" : "at0121.1",
                  "attributes" : [ {
                    "@type" : "C_ATTRIBUTE",
                    "rmAttributeName" : "value",
                    "children" : [ {
                      "@type" : "C_COMPLEX_OBJECT",
                      "rmTypeName" : "DV_CODED_TEXT",
                      "occurrences" : "0..1",
                      "attributes" : [ {
                        "@type" : "C_ATTRIBUTE",
                        "rmAttributeName" : "defining_code",
                        "existence" : "0..1",
                        "children" : [ {
                          "@type" : "C_TERMINOLOGY_CODE",
                          "terminologyId" : {
                            "value" : "IVFInitalRequest"
                          },
                          "constraint" : [ ],
                          "includedExternalTerminologyCodes" : [ {
                            "terminologyId" : "IVFInitalRequest",
                            "code" : "001",
                            "value" : "IVF Behandlingsforløp"
                          } ]
                        } ]
                      } ],
                      "attributeTuples" : [ ]
                    } ]
                  } ],
                  "attributeTuples" : [ ]
                }, {
                  "@type" : "C_COMPLEX_OBJECT",
                  "rmTypeName" : "ELEMENT",
                  "occurrences" : "0..0",
                  "nodeId" : "at0148.1",
                  "attributes" : [ ],
                  "attributeTuples" : [ ]
                }, {
                  "@type" : "C_COMPLEX_OBJECT",
                  "rmTypeName" : "ELEMENT",
                  "nodeId" : "at0135.1",
                  "attributes" : [ {
                    "@type" : "C_ATTRIBUTE",
                    "rmAttributeName" : "value",
                    "children" : [ {
                      "@type" : "C_COMPLEX_OBJECT",
                      "rmTypeName" : "DV_CODED_TEXT",
                      "occurrences" : "0..1",
                      "attributes" : [ {
                        "@type" : "C_ATTRIBUTE",
                        "rmAttributeName" : "defining_code",
                        "existence" : "0..1",
                        "children" : [ {
                          "@type" : "C_TERMINOLOGY_CODE",
                          "terminologyId" : {
                            "value" : "DIPS_IVF_START_MAIN"
                          },
                          "constraint" : [ ],
                          "includedExternalTerminologyCodes" : [ {
                            "terminologyId" : "DIPS_IVF_START_MAIN",
                            "code" : "1",
                            "value" : "Infertilitet"
                          }, {
                            "terminologyId" : "DIPS_IVF_START_MAIN",
                            "code" : "2",
                            "value" : "Fertilitetsbevaring"
                          }, {
                            "terminologyId" : "DIPS_IVF_START_MAIN",
                            "code" : "3",
                            "value" : "Smitte"
                          }, {
                            "terminologyId" : "DIPS_IVF_START_MAIN",
                            "code" : "4",
                            "value" : "Donasjon"
                          }, {
                            "terminologyId" : "DIPS_IVF_START_MAIN",
                            "code" : "5",
                            "value" : "PGT"
                          } ]
                        } ]
                      } ],
                      "attributeTuples" : [ ]
                    } ]
                  } ],
                  "attributeTuples" : [ ]
                }, {
                  "@type" : "C_COMPLEX_OBJECT",
                  "rmTypeName" : "ELEMENT",
                  "occurrences" : "0..0",
                  "nodeId" : "at0062.1",
                  "attributes" : [ ],
                  "attributeTuples" : [ ]
                }, {
                  "@type" : "C_COMPLEX_OBJECT",
                  "rmTypeName" : "ELEMENT",
                  "occurrences" : "0..0",
                  "nodeId" : "at0064.1",
                  "attributes" : [ ],
                  "attributeTuples" : [ ]
                }, {
                  "@type" : "C_COMPLEX_OBJECT",
                  "rmTypeName" : "ELEMENT",
                  "occurrences" : "0..0",
                  "nodeId" : "at0152.1",
                  "attributes" : [ ],
                  "attributeTuples" : [ ]
                }, {
                  "@type" : "C_COMPLEX_OBJECT",
                  "rmTypeName" : "ELEMENT",
                  "occurrences" : "0..0",
                  "nodeId" : "at0065.1",
                  "attributes" : [ ],
                  "attributeTuples" : [ ]
                }, {
                  "@type" : "C_COMPLEX_OBJECT",
                  "rmTypeName" : "ELEMENT",
                  "occurrences" : "0..0",
                  "nodeId" : "at0068.1",
                  "attributes" : [ {
                    "@type" : "C_ATTRIBUTE",
                    "rmAttributeName" : "value",
                    "children" : [ {
                      "@type" : "C_COMPLEX_OBJECT",
                      "rmTypeName" : "DV_CODED_TEXT",
                      "attributes" : [ {
                        "@type" : "C_ATTRIBUTE",
                        "rmAttributeName" : "defining_code",
                        "children" : [ {
                          "@type" : "C_TERMINOLOGY_CODE",
                          "rmTypeName" : "CODE_PHRASE",
                          "occurrences" : "1..1",
                          "terminologyId" : {
                            "value" : "local"
                          },
                          "constraint" : [ "at0136", "at0137", "at0138" ]
                        } ]
                      } ],
                      "attributeTuples" : [ ]
                    }, {
                      "@type" : "C_COMPLEX_OBJECT",
                      "rmTypeName" : "DV_TEXT",
                      "attributes" : [ ],
                      "attributeTuples" : [ ]
                    } ]
                  } ],
                  "attributeTuples" : [ ]
                }, {
                  "@type" : "C_COMPLEX_OBJECT",
                  "rmTypeName" : "ELEMENT",
                  "occurrences" : "0..0",
                  "nodeId" : "at0040.1",
                  "attributes" : [ {
                    "@type" : "C_ATTRIBUTE",
                    "rmAttributeName" : "value",
                    "children" : [ {
                      "@type" : "C_COMPLEX_OBJECT",
                      "rmTypeName" : "DV_DATE_TIME",
                      "attributes" : [ ],
                      "attributeTuples" : [ ]
                    }, {
                      "@type" : "C_COMPLEX_OBJECT",
                      "rmTypeName" : "DV_INTERVAL<DV_DATE_TIME>",
                      "attributes" : [ ],
                      "attributeTuples" : [ ]
                    }, {
                      "@type" : "C_COMPLEX_OBJECT",
                      "rmTypeName" : "DV_TEXT",
                      "attributes" : [ ],
                      "attributeTuples" : [ ]
                    } ]
                  } ],
                  "attributeTuples" : [ ]
                }, {
                  "@type" : "C_COMPLEX_OBJECT",
                  "rmTypeName" : "ELEMENT",
                  "occurrences" : "0..0",
                  "nodeId" : "at0145.1",
                  "attributes" : [ ],
                  "attributeTuples" : [ ]
                }, {
                  "@type" : "C_COMPLEX_OBJECT",
                  "rmTypeName" : "ELEMENT",
                  "occurrences" : "0..0",
                  "nodeId" : "at0144.1",
                  "attributes" : [ ],
                  "attributeTuples" : [ ]
                }, {
                  "@type" : "C_COMPLEX_OBJECT",
                  "rmTypeName" : "ELEMENT",
                  "occurrences" : "0..0",
                  "nodeId" : "at0147.1",
                  "attributes" : [ {
                    "@type" : "C_ATTRIBUTE",
                    "rmAttributeName" : "value",
                    "children" : [ {
                      "@type" : "C_COMPLEX_OBJECT",
                      "rmTypeName" : "DV_BOOLEAN",
                      "attributes" : [ {
                        "@type" : "C_ATTRIBUTE",
                        "rmAttributeName" : "value",
                        "children" : [ {
                          "@type" : "C_BOOLEAN",
                          "rmTypeName" : "Boolean",
                          "occurrences" : "1..1",
                          "constraint" : [ true ]
                        } ]
                      } ],
                      "attributeTuples" : [ ]
                    } ]
                  } ],
                  "attributeTuples" : [ ]
                }, {
                  "@type" : "C_COMPLEX_OBJECT",
                  "rmTypeName" : "ELEMENT",
                  "occurrences" : "0..0",
                  "nodeId" : "at0076.1",
                  "attributes" : [ {
                    "@type" : "C_ATTRIBUTE",
                    "rmAttributeName" : "value",
                    "children" : [ {
                      "@type" : "C_COMPLEX_OBJECT",
                      "rmTypeName" : "DV_BOOLEAN",
                      "attributes" : [ {
                        "@type" : "C_ATTRIBUTE",
                        "rmAttributeName" : "value",
                        "children" : [ {
                          "@type" : "C_BOOLEAN",
                          "rmTypeName" : "Boolean",
                          "occurrences" : "1..1",
                          "constraint" : [ true ]
                        } ]
                      } ],
                      "attributeTuples" : [ ]
                    } ]
                  } ],
                  "attributeTuples" : [ ]
                }, {
                  "@type" : "C_COMPLEX_OBJECT",
                  "rmTypeName" : "ELEMENT",
                  "occurrences" : "0..0",
                  "nodeId" : "at0078.1",
                  "attributes" : [ ],
                  "attributeTuples" : [ ]
                }, {
                  "@type" : "C_COMPLEX_OBJECT",
                  "rmTypeName" : "ELEMENT",
                  "occurrences" : "0..0",
                  "nodeId" : "at0150.1",
                  "attributes" : [ ],
                  "attributeTuples" : [ ]
                } ]
              } ],
              "attributeTuples" : [ ]
            } ]
          } ],
          "attributeTuples" : [ ]
        } ]
      }, {
        "@type" : "C_ATTRIBUTE",
        "rmAttributeName" : "protocol",
        "children" : [ {
          "@type" : "C_COMPLEX_OBJECT",
          "rmTypeName" : "ITEM_TREE",
          "nodeId" : "at0008",
          "attributes" : [ {
            "@type" : "C_ATTRIBUTE",
            "rmAttributeName" : "items",
            "children" : [ {
              "@type" : "C_COMPLEX_OBJECT",
              "rmTypeName" : "ELEMENT",
              "occurrences" : "0..0",
              "nodeId" : "at0010.1",
              "attributes" : [ {
                "@type" : "C_ATTRIBUTE",
                "rmAttributeName" : "value",
                "children" : [ {
                  "@type" : "C_COMPLEX_OBJECT",
                  "rmTypeName" : "DV_TEXT",
                  "attributes" : [ ],
                  "attributeTuples" : [ ]
                }, {
                  "@type" : "C_COMPLEX_OBJECT",
                  "rmTypeName" : "DV_IDENTIFIER",
                  "attributes" : [ ],
                  "attributeTuples" : [ ]
                } ]
              } ],
              "attributeTuples" : [ ]
            }, {
              "@type" : "C_COMPLEX_OBJECT",
              "rmTypeName" : "ELEMENT",
              "occurrences" : "0..0",
              "nodeId" : "at0011.1",
              "attributes" : [ {
                "@type" : "C_ATTRIBUTE",
                "rmAttributeName" : "value",
                "children" : [ {
                  "@type" : "C_COMPLEX_OBJECT",
                  "rmTypeName" : "DV_TEXT",
                  "attributes" : [ ],
                  "attributeTuples" : [ ]
                }, {
                  "@type" : "C_COMPLEX_OBJECT",
                  "rmTypeName" : "DV_IDENTIFIER",
                  "attributes" : [ ],
                  "attributeTuples" : [ ]
                } ]
              } ],
              "attributeTuples" : [ ]
            }, {
              "@type" : "C_COMPLEX_OBJECT",
              "rmTypeName" : "ELEMENT",
              "occurrences" : "0..0",
              "nodeId" : "at0127.1",
              "attributes" : [ ],
              "attributeTuples" : [ ]
            } ]
          } ],
          "attributeTuples" : [ ]
        } ]
      } ],
      "attributeTuples" : [ ]
    },
    "terminology" : {
      "@type" : "ARCHETYPE_TERMINOLOGY",
      "conceptCode" : "at0000",
      "termDefinitions" : {
        "en" : { },
        "nb" : { }
      },
      "termBindings" : { },
      "terminologyExtracts" : { },
      "valueSets" : { }
    },
    "adlVersion" : "1.4",
    "buildUid" : "6048921a-5316-4c49-89d7-8413c406db5f",
    "rmName" : "openehr",
    "rmRelease" : "1.1.0",
    "generated" : true,
    "otherMetaData" : { },
    "originalLanguage" : {
      "terminologyId" : {
        "value" : "ISO_639-1"
      },
      "codeString" : "en"
    },
    "translations" : [ {
      "@type" : "TRANSLATION_DETAILS",
      "language" : {
        "terminologyId" : {
          "value" : "ISO_639-1"
        },
        "codeString" : "nb"
      },
      "author" : {
        "name" : "Silje Ljosland Bakke",
        "organisation" : "Nasjonal IKT HF, Norway"
      },
      "otherDetails" : { }
    } ]
  }, {
    "@type" : "TEMPLATE_OVERLAY",
    "uid" : "1eb7ec6c-a147-427b-b6d2-415a9e5d7cb7",
    "description" : {
      "@type" : "RESOURCE_DESCRIPTION",
      "originalAuthor" : { },
      "otherContributors" : [ ],
      "ipAcknowledgements" : { },
      "references" : { },
      "conversionDetails" : { },
      "otherDetails" : {
        "PARENT:MD5-CAM-1.0.1" : "25F1215CC42555678C01CB3B0AE84316"
      },
      "details" : { }
    },
    "parentArchetypeId" : "openEHR-EHR-EVALUATION.art_cycle_summary.v1",
    "differential" : true,
    "archetypeId" : {
      "@type" : "ARCHETYPE_HRID",
      "value" : "openEHR-EHR-EVALUATION.ovl-art_cycle_summary-004.v1"
    },
    "definition" : {
      "@type" : "C_COMPLEX_OBJECT",
      "rmTypeName" : "EVALUATION",
      "nodeId" : "at0000.1",
      "attributes" : [ {
        "@type" : "C_ATTRIBUTE",
        "rmAttributeName" : "data",
        "children" : [ {
          "@type" : "C_COMPLEX_OBJECT",
          "rmTypeName" : "ITEM_TREE",
          "nodeId" : "at0001",
          "attributes" : [ {
            "@type" : "C_ATTRIBUTE",
            "rmAttributeName" : "items",
            "children" : [ {
              "@type" : "C_COMPLEX_OBJECT",
              "rmTypeName" : "ELEMENT",
              "occurrences" : "0..0",
              "nodeId" : "at0002.1",
              "attributes" : [ ],
              "attributeTuples" : [ ]
            }, {
              "@type" : "C_COMPLEX_OBJECT",
              "rmTypeName" : "ELEMENT",
              "occurrences" : "0..0",
              "nodeId" : "at0003.1",
              "attributes" : [ {
                "@type" : "C_ATTRIBUTE",
                "rmAttributeName" : "value",
                "children" : [ {
                  "@type" : "C_COMPLEX_OBJECT",
                  "rmTypeName" : "DV_IDENTIFIER",
                  "attributes" : [ ],
                  "attributeTuples" : [ ]
                }, {
                  "@type" : "C_COMPLEX_OBJECT",
                  "rmTypeName" : "DV_TEXT",
                  "attributes" : [ ],
                  "attributeTuples" : [ ]
                } ]
              } ],
              "attributeTuples" : [ ]
            }, {
              "@type" : "C_COMPLEX_OBJECT",
              "rmTypeName" : "ELEMENT",
              "occurrences" : "0..0",
              "nodeId" : "at0004.1",
              "attributes" : [ ],
              "attributeTuples" : [ ]
            }, {
              "@type" : "C_COMPLEX_OBJECT",
              "rmTypeName" : "ELEMENT",
              "occurrences" : "0..0",
              "nodeId" : "at0005.1",
              "attributes" : [ ],
              "attributeTuples" : [ ]
            }, {
              "@type" : "C_COMPLEX_OBJECT",
              "rmTypeName" : "ELEMENT",
              "nodeId" : "at0006.1",
              "attributes" : [ ],
              "attributeTuples" : [ ]
            }, {
              "@type" : "C_COMPLEX_OBJECT",
              "rmTypeName" : "ELEMENT",
              "occurrences" : "0..0",
              "nodeId" : "at0012.1",
              "attributes" : [ {
                "@type" : "C_ATTRIBUTE",
                "rmAttributeName" : "value",
                "children" : [ {
                  "@type" : "C_COMPLEX_OBJECT",
                  "rmTypeName" : "DV_CODED_TEXT",
                  "attributes" : [ {
                    "@type" : "C_ATTRIBUTE",
                    "rmAttributeName" : "defining_code",
                    "children" : [ {
                      "@type" : "C_TERMINOLOGY_CODE",
                      "rmTypeName" : "CODE_PHRASE",
                      "occurrences" : "1..1",
                      "terminologyId" : {
                        "value" : "local"
                      },
                      "constraint" : [ "at0013", "at0014", "at0015", "at0019", "at0017", "at0018", "at0020", "at0016" ]
                    } ]
                  } ],
                  "attributeTuples" : [ ]
                }, {
                  "@type" : "C_COMPLEX_OBJECT",
                  "rmTypeName" : "DV_TEXT",
                  "attributes" : [ ],
                  "attributeTuples" : [ ]
                } ]
              } ],
              "attributeTuples" : [ ]
            }, {
              "@type" : "C_COMPLEX_OBJECT",
              "rmTypeName" : "ELEMENT",
              "occurrences" : "0..0",
              "nodeId" : "at0026.1",
              "attributes" : [ {
                "@type" : "C_ATTRIBUTE",
                "rmAttributeName" : "value",
                "children" : [ {
                  "@type" : "C_COMPLEX_OBJECT",
                  "rmTypeName" : "DV_CODED_TEXT",
                  "attributes" : [ {
                    "@type" : "C_ATTRIBUTE",
                    "rmAttributeName" : "defining_code",
                    "children" : [ {
                      "@type" : "C_TERMINOLOGY_CODE",
                      "rmTypeName" : "CODE_PHRASE",
                      "occurrences" : "1..1",
                      "terminologyId" : {
                        "value" : "local"
                      },
                      "constraint" : [ "at0027", "at0028", "at0029", "at0030", "at0031", "at0032", "at0033" ]
                    } ]
                  } ],
                  "attributeTuples" : [ ]
                }, {
                  "@type" : "C_COMPLEX_OBJECT",
                  "rmTypeName" : "DV_TEXT",
                  "attributes" : [ ],
                  "attributeTuples" : [ ]
                } ]
              } ],
              "attributeTuples" : [ ]
            }, {
              "@type" : "C_COMPLEX_OBJECT",
              "rmTypeName" : "ELEMENT",
              "occurrences" : "0..0",
              "nodeId" : "at0042.1",
              "attributes" : [ ],
              "attributeTuples" : [ ]
            }, {
              "@type" : "C_COMPLEX_OBJECT",
              "rmTypeName" : "ELEMENT",
              "occurrences" : "0..0",
              "nodeId" : "at0043.1",
              "attributes" : [ ],
              "attributeTuples" : [ ]
            }, {
              "@type" : "C_COMPLEX_OBJECT",
              "rmTypeName" : "ELEMENT",
              "occurrences" : "0..0",
              "nodeId" : "at0044.1",
              "attributes" : [ ],
              "attributeTuples" : [ ]
            }, {
              "@type" : "C_COMPLEX_OBJECT",
              "rmTypeName" : "ELEMENT",
              "occurrences" : "0..0",
              "nodeId" : "at0045.1",
              "attributes" : [ ],
              "attributeTuples" : [ ]
            }, {
              "@type" : "C_COMPLEX_OBJECT",
              "rmTypeName" : "ELEMENT",
              "occurrences" : "0..0",
              "nodeId" : "at0046.1",
              "attributes" : [ ],
              "attributeTuples" : [ ]
            }, {
              "@type" : "C_COMPLEX_OBJECT",
              "rmTypeName" : "ELEMENT",
              "occurrences" : "0..0",
              "nodeId" : "at0047.1",
              "attributes" : [ ],
              "attributeTuples" : [ ]
            }, {
              "@type" : "C_COMPLEX_OBJECT",
              "rmTypeName" : "ELEMENT",
              "occurrences" : "0..0",
              "nodeId" : "at0048.1",
              "attributes" : [ ],
              "attributeTuples" : [ ]
            }, {
              "@type" : "C_COMPLEX_OBJECT",
              "rmTypeName" : "ELEMENT",
              "occurrences" : "0..0",
              "nodeId" : "at0049.1",
              "attributes" : [ ],
              "attributeTuples" : [ ]
            }, {
              "@type" : "C_COMPLEX_OBJECT",
              "rmTypeName" : "ELEMENT",
              "occurrences" : "0..0",
              "nodeId" : "at0050.1",
              "attributes" : [ ],
              "attributeTuples" : [ ]
            }, {
              "@type" : "C_COMPLEX_OBJECT",
              "rmTypeName" : "ELEMENT",
              "occurrences" : "0..0",
              "nodeId" : "at0051.1",
              "attributes" : [ ],
              "attributeTuples" : [ ]
            }, {
              "@type" : "C_COMPLEX_OBJECT",
              "rmTypeName" : "ELEMENT",
              "occurrences" : "0..0",
              "nodeId" : "at0052.1",
              "attributes" : [ ],
              "attributeTuples" : [ ]
            }, {
              "@type" : "C_COMPLEX_OBJECT",
              "rmTypeName" : "ELEMENT",
              "occurrences" : "0..0",
              "nodeId" : "at0034.1",
              "attributes" : [ {
                "@type" : "C_ATTRIBUTE",
                "rmAttributeName" : "value",
                "children" : [ {
                  "@type" : "C_COMPLEX_OBJECT",
                  "rmTypeName" : "DV_CODED_TEXT",
                  "attributes" : [ {
                    "@type" : "C_ATTRIBUTE",
                    "rmAttributeName" : "defining_code",
                    "children" : [ {
                      "@type" : "C_TERMINOLOGY_CODE",
                      "rmTypeName" : "CODE_PHRASE",
                      "occurrences" : "1..1",
                      "terminologyId" : {
                        "value" : "local"
                      },
                      "constraint" : [ "at0035", "at0036", "at0037", "at0038", "at0039", "at0040", "at0041" ]
                    } ]
                  } ],
                  "attributeTuples" : [ ]
                }, {
                  "@type" : "C_COMPLEX_OBJECT",
                  "rmTypeName" : "DV_TEXT",
                  "attributes" : [ ],
                  "attributeTuples" : [ ]
                } ]
              } ],
              "attributeTuples" : [ ]
            }, {
              "@type" : "C_COMPLEX_OBJECT",
              "rmTypeName" : "ELEMENT",
              "occurrences" : "0..0",
              "nodeId" : "at0054.1",
              "attributes" : [ {
                "@type" : "C_ATTRIBUTE",
                "rmAttributeName" : "value",
                "children" : [ {
                  "@type" : "C_COMPLEX_OBJECT",
                  "rmTypeName" : "DV_CODED_TEXT",
                  "attributes" : [ {
                    "@type" : "C_ATTRIBUTE",
                    "rmAttributeName" : "defining_code",
                    "children" : [ {
                      "@type" : "C_TERMINOLOGY_CODE",
                      "rmTypeName" : "CODE_PHRASE",
                      "occurrences" : "1..1",
                      "terminologyId" : {
                        "value" : "local"
                      },
                      "constraint" : [ "at0055", "at0056" ]
                    } ]
                  } ],
                  "attributeTuples" : [ ]
                } ]
              } ],
              "attributeTuples" : [ ]
            }, {
              "@type" : "C_COMPLEX_OBJECT",
              "rmTypeName" : "ELEMENT",
              "occurrences" : "0..0",
              "nodeId" : "at0053.1",
              "attributes" : [ ],
              "attributeTuples" : [ ]
            }, {
              "@type" : "C_COMPLEX_OBJECT",
              "rmTypeName" : "CLUSTER",
              "occurrences" : "0..0",
              "nodeId" : "at0057.1",
              "attributes" : [ ],
              "attributeTuples" : [ ]
            } ]
          } ],
          "attributeTuples" : [ ]
        } ]
      } ],
      "attributeTuples" : [ ]
    },
    "terminology" : {
      "@type" : "ARCHETYPE_TERMINOLOGY",
      "conceptCode" : "at0000",
      "termDefinitions" : {
        "en" : { },
        "nb" : { }
      },
      "termBindings" : { },
      "terminologyExtracts" : { },
      "valueSets" : { }
    },
    "adlVersion" : "1.4",
    "buildUid" : "8329b6ef-dbbd-49b8-9d5d-6a44434e3f02",
    "rmName" : "openehr",
    "rmRelease" : "1.1.0",
    "generated" : true,
    "otherMetaData" : { },
    "originalLanguage" : {
      "terminologyId" : {
        "value" : "ISO_639-1"
      },
      "codeString" : "en"
    },
    "translations" : [ {
      "@type" : "TRANSLATION_DETAILS",
      "language" : {
        "terminologyId" : {
          "value" : "ISO_639-1"
        },
        "codeString" : "nb"
      },
      "author" : {
        "name" : "Peter Fedorcsak, Liv Laugen, Vebjørn Arntzen",
        "organisation" : "University of Oslo, ​Oslo University Hospital, Norway",
        "email" : "peterfe@uio.no, liv.laugen@ous-hf.no, varntzen@ous-hf.no"
      },
      "otherDetails" : { }
    } ]
  }, {
    "@type" : "TEMPLATE_OVERLAY",
    "uid" : "b016cdb3-d685-4f86-a623-dba44ebe1586",
    "description" : {
      "@type" : "RESOURCE_DESCRIPTION",
      "originalAuthor" : { },
      "otherContributors" : [ ],
      "ipAcknowledgements" : { },
      "references" : { },
      "conversionDetails" : { },
      "otherDetails" : {
        "PARENT:MD5-CAM-1.0.1" : "9B6D82B1E90F69D45E2695AD53DC1E9A"
      },
      "details" : { }
    },
    "parentArchetypeId" : "openEHR-EHR-ACTION.informed_consent_dips.v1",
    "differential" : true,
    "archetypeId" : {
      "@type" : "ARCHETYPE_HRID",
      "value" : "openEHR-EHR-ACTION.ovl-informed_consent_dips-005.v1"
    },
    "definition" : {
      "@type" : "C_COMPLEX_OBJECT",
      "rmTypeName" : "ACTION",
      "nodeId" : "at0000.1",
      "attributes" : [ {
        "@type" : "C_ATTRIBUTE",
        "rmAttributeName" : "description",
        "children" : [ {
          "@type" : "C_COMPLEX_OBJECT",
          "rmTypeName" : "ITEM_TREE",
          "nodeId" : "at0001",
          "attributes" : [ {
            "@type" : "C_ATTRIBUTE",
            "rmAttributeName" : "items",
            "children" : [ {
              "@type" : "C_COMPLEX_OBJECT",
              "rmTypeName" : "ELEMENT",
              "occurrences" : "1..1",
              "nodeId" : "at0002.1",
              "attributes" : [ {
                "@type" : "C_ATTRIBUTE",
                "rmAttributeName" : "value",
                "children" : [ {
                  "@type" : "C_COMPLEX_OBJECT",
                  "rmTypeName" : "DV_TEXT",
                  "attributes" : [ {
                    "@type" : "C_ATTRIBUTE",
                    "rmAttributeName" : "value",
                    "existence" : "0..1",
                    "children" : [ {
                      "@type" : "C_STRING",
                      "constraint" : [ "MFR" ]
                    } ]
                  } ],
                  "attributeTuples" : [ ]
                } ]
              } ],
              "attributeTuples" : [ ]
            }, {
              "@type" : "C_COMPLEX_OBJECT",
              "rmTypeName" : "ELEMENT",
              "nodeId" : "at0030.1",
              "attributes" : [ ],
              "attributeTuples" : [ ]
            }, {
              "@type" : "C_COMPLEX_OBJECT",
              "rmTypeName" : "ELEMENT",
              "nodeId" : "at0031.1",
              "attributes" : [ ],
              "attributeTuples" : [ ]
            }, {
              "@type" : "C_COMPLEX_OBJECT",
              "rmTypeName" : "ELEMENT",
              "nodeId" : "at0011.1",
              "attributes" : [ ],
              "attributeTuples" : [ ]
            }, {
              "@type" : "C_COMPLEX_OBJECT",
              "rmTypeName" : "ELEMENT",
              "nodeId" : "at0004.1",
              "attributes" : [ {
                "@type" : "C_ATTRIBUTE",
                "rmAttributeName" : "value",
                "children" : [ {
                  "@type" : "C_COMPLEX_OBJECT",
                  "rmTypeName" : "DV_CODED_TEXT",
                  "attributes" : [ {
                    "@type" : "C_ATTRIBUTE",
                    "rmAttributeName" : "defining_code",
                    "children" : [ {
                      "@type" : "C_TERMINOLOGY_CODE",
                      "rmTypeName" : "CODE_PHRASE",
                      "occurrences" : "1..1",
                      "terminologyId" : {
                        "value" : "local"
                      },
                      "constraint" : [ "at0005", "at0006" ]
                    } ]
                  } ],
                  "attributeTuples" : [ ]
                } ]
              } ],
              "attributeTuples" : [ ]
            }, {
              "@type" : "C_COMPLEX_OBJECT",
              "rmTypeName" : "ELEMENT",
              "nodeId" : "at0007.1",
              "attributes" : [ ],
              "attributeTuples" : [ ]
            }, {
              "@type" : "C_COMPLEX_OBJECT",
              "rmTypeName" : "ELEMENT",
              "nodeId" : "at0008.1",
              "attributes" : [ ],
              "attributeTuples" : [ ]
            }, {
              "@type" : "C_COMPLEX_OBJECT",
              "rmTypeName" : "ELEMENT",
              "nodeId" : "at0009.1",
              "attributes" : [ ],
              "attributeTuples" : [ ]
            }, {
              "@type" : "C_COMPLEX_OBJECT",
              "rmTypeName" : "ELEMENT",
              "occurrences" : "0..1",
              "nodeId" : "at0010.1",
              "attributes" : [ ],
              "attributeTuples" : [ ]
            }, {
              "@type" : "C_COMPLEX_OBJECT",
              "rmTypeName" : "ELEMENT",
              "occurrences" : "0..0",
              "nodeId" : "at0012.1",
              "attributes" : [ ],
              "attributeTuples" : [ ]
            }, {
              "@type" : "C_COMPLEX_OBJECT",
              "rmTypeName" : "ELEMENT",
              "nodeId" : "at0036.1",
              "attributes" : [ ],
              "attributeTuples" : [ ]
            } ]
          } ],
          "attributeTuples" : [ ]
        } ]
      }, {
        "@type" : "C_ATTRIBUTE",
        "rmAttributeName" : "protocol",
        "children" : [ {
          "@type" : "C_COMPLEX_OBJECT",
          "rmTypeName" : "ITEM_TREE",
          "nodeId" : "at0024",
          "attributes" : [ {
            "@type" : "C_ATTRIBUTE",
            "rmAttributeName" : "items",
            "children" : [ {
              "@type" : "C_COMPLEX_OBJECT",
              "rmTypeName" : "ELEMENT",
              "nodeId" : "at0025.1",
              "attributes" : [ ],
              "attributeTuples" : [ ]
            }, {
              "@type" : "C_COMPLEX_OBJECT",
              "rmTypeName" : "ELEMENT",
              "nodeId" : "at0026.1",
              "attributes" : [ ],
              "attributeTuples" : [ ]
            }, {
              "@type" : "C_COMPLEX_OBJECT",
              "rmTypeName" : "CLUSTER",
              "occurrences" : "0..1",
              "nodeId" : "at0033.1",
              "attributes" : [ {
                "@type" : "C_ATTRIBUTE",
                "rmAttributeName" : "items",
                "children" : [ {
                  "@type" : "C_COMPLEX_OBJECT",
                  "rmTypeName" : "ELEMENT",
                  "nodeId" : "at0032.1",
                  "attributes" : [ ],
                  "attributeTuples" : [ ]
                }, {
                  "@type" : "C_COMPLEX_OBJECT",
                  "rmTypeName" : "ELEMENT",
                  "nodeId" : "at0035.1",
                  "attributes" : [ ],
                  "attributeTuples" : [ ]
                } ]
              } ],
              "attributeTuples" : [ ]
            } ]
          } ],
          "attributeTuples" : [ ]
        } ]
      } ],
      "attributeTuples" : [ ]
    },
    "terminology" : {
      "@type" : "ARCHETYPE_TERMINOLOGY",
      "conceptCode" : "at0000",
      "termDefinitions" : {
        "en" : {
          "at0000.1" : {
            "@type" : "ARCHETYPE_TERM",
            "code" : "at0000.1",
            "text" : "Informert samtykke",
            "description" : "Record of status and details of informed consent from an individual (or the individual's agent/proxy) for a proposed procedure, trial or other healthcare-related activity (including treatments and investigations), based upon a clear appreciation and understanding of the facts, implications, and possible future consequences by the consenting party."
          },
          "at0002.1" : {
            "@type" : "ARCHETYPE_TERM",
            "code" : "at0002.1",
            "text" : "Prosedyre/Sak/Aktivitet",
            "description" : "Identification of the procedure, clinical trial or healthcare-related activity (including correct side/correct site, where appropriate) against which the consent status and details are recorded."
          },
          "at0030.1" : {
            "@type" : "ARCHETYPE_TERM",
            "code" : "at0030.1",
            "text" : "Prosedyre/Sak/Aktivitet beskrivelse",
            "description" : "Narrative description of the procedure, clinical trial or healthcare-related activity."
          },
          "at0031.1" : {
            "@type" : "ARCHETYPE_TERM",
            "code" : "at0031.1",
            "text" : "Hensikt",
            "description" : "Description of the intent of the procedure, clinical trial or healthcare-related activity."
          },
          "at0011.1" : {
            "@type" : "ARCHETYPE_TERM",
            "code" : "at0011.1",
            "text" : "Samtykke beskrivelse",
            "description" : "Narrative description of the informed consent required or recorded prior to performing the proposed procedure, clinical trial or healthcare-related activity."
          },
          "at0004.1" : {
            "@type" : "ARCHETYPE_TERM",
            "code" : "at0004.1",
            "text" : "Type samtykke",
            "description" : "Form of the consent sought or provided."
          },
          "at0007.1" : {
            "@type" : "ARCHETYPE_TERM",
            "code" : "at0007.1",
            "text" : "Årsak",
            "description" : "Reason that the care pathway step for the identified procedure, clinical trial or healthcare-related activity was carried out.",
            "comment" : "For example, the reason for 'consent refused' or 'consent withdrawn'."
          },
          "at0008.1" : {
            "@type" : "ARCHETYPE_TERM",
            "code" : "at0008.1",
            "text" : "Startdato",
            "description" : "Date, and optional time, when validity of the informed consent becomes active."
          },
          "at0009.1" : {
            "@type" : "ARCHETYPE_TERM",
            "code" : "at0009.1",
            "text" : "Sluttdato",
            "description" : "Date, and optional time, when validity of the informed consent ceased."
          },
          "at0010.1" : {
            "@type" : "ARCHETYPE_TERM",
            "code" : "at0010.1",
            "text" : "Påminnelse",
            "description" : "Details of any qualifications or exemptions to the informed consent."
          },
          "at0036.1" : {
            "@type" : "ARCHETYPE_TERM",
            "code" : "at0036.1",
            "text" : "Kommentar",
            "description" : "Additional narrative about the informed consent activity, not captured in other fields."
          },
          "at0025.1" : {
            "@type" : "ARCHETYPE_TERM",
            "code" : "at0025.1",
            "text" : "Samtykkedokument brukt",
            "description" : "Identification of the form or document used to obtain consent."
          },
          "at0026.1" : {
            "@type" : "ARCHETYPE_TERM",
            "code" : "at0026.1",
            "text" : "Evalueringsdato",
            "description" : "Date when consent status is due for review."
          },
          "at0033.1" : {
            "@type" : "ARCHETYPE_TERM",
            "code" : "at0033.1",
            "text" : "Pasientinformasjon",
            "description" : "Details about Patient Information made available to the subject or subject's agent."
          },
          "at0032.1" : {
            "@type" : "ARCHETYPE_TERM",
            "code" : "at0032.1",
            "text" : "Navn",
            "description" : "Identification of the information made available.",
            "comment" : "For example, the name of the form."
          },
          "at0035.1" : {
            "@type" : "ARCHETYPE_TERM",
            "code" : "at0035.1",
            "text" : "Beskrivelse",
            "description" : "Narrative description of the patient information made available."
          }
        },
        "ru" : {
          "at0000.1" : {
            "@type" : "ARCHETYPE_TERM",
            "code" : "at0000.1",
            "text" : "Informert samtykke",
            "description" : "Запись о состоянии и  деталях информированного согласия пациента (доверенного лица) на предлагаемую процедуру, исследование или другую активность (включая лечение или обследование), основанного на полном понимании и принятии фактов, осложнений и возможных последствий. "
          },
          "at0002.1" : {
            "@type" : "ARCHETYPE_TERM",
            "code" : "at0002.1",
            "text" : "Prosedyre/Sak/Aktivitet",
            "description" : "Название процедуры/действия (включая область), на которую записан статус согласия"
          },
          "at0030.1" : {
            "@type" : "ARCHETYPE_TERM",
            "code" : "at0030.1",
            "text" : "Prosedyre/Sak/Aktivitet beskrivelse",
            "description" : "Текстовое описание процедуры, действия или клинического исследования"
          },
          "at0031.1" : {
            "@type" : "ARCHETYPE_TERM",
            "code" : "at0031.1",
            "text" : "Hensikt",
            "description" : "Описание цели процедуры/исследования или другой деятельности, связанной со здоровьем."
          },
          "at0011.1" : {
            "@type" : "ARCHETYPE_TERM",
            "code" : "at0011.1",
            "text" : "Samtykke beskrivelse",
            "description" : "текстовое описание информированного согласия, требующегося для проведения процедуры или других действий"
          },
          "at0004.1" : {
            "@type" : "ARCHETYPE_TERM",
            "code" : "at0004.1",
            "text" : "Type samtykke",
            "description" : "Форма согласия"
          },
          "at0007.1" : {
            "@type" : "ARCHETYPE_TERM",
            "code" : "at0007.1",
            "text" : "Årsak",
            "description" : "Причина задержки получения согласия",
            "comment" : "например, почему согласие не подписано или изъято"
          },
          "at0008.1" : {
            "@type" : "ARCHETYPE_TERM",
            "code" : "at0008.1",
            "text" : "Startdato",
            "description" : "Дата, при необходимости, время, когда полученное согласие стало активным "
          },
          "at0009.1" : {
            "@type" : "ARCHETYPE_TERM",
            "code" : "at0009.1",
            "text" : "Sluttdato",
            "description" : "Дата (время), когда согласие утратило свою силу. "
          },
          "at0010.1" : {
            "@type" : "ARCHETYPE_TERM",
            "code" : "at0010.1",
            "text" : "Påminnelse",
            "description" : "Подробности по любым уточнениям информированного согласия"
          },
          "at0036.1" : {
            "@type" : "ARCHETYPE_TERM",
            "code" : "at0036.1",
            "text" : "Kommentar",
            "description" : "*Additional narrative about the informed consent activity, not captured in other fields. (en)"
          },
          "at0025.1" : {
            "@type" : "ARCHETYPE_TERM",
            "code" : "at0025.1",
            "text" : "Samtykkedokument brukt",
            "description" : "Идентификатор формы или документа согласия"
          },
          "at0026.1" : {
            "@type" : "ARCHETYPE_TERM",
            "code" : "at0026.1",
            "text" : "Evalueringsdato",
            "description" : "Дата, когда статус согласия был изменен"
          },
          "at0033.1" : {
            "@type" : "ARCHETYPE_TERM",
            "code" : "at0033.1",
            "text" : "Pasientinformasjon",
            "description" : "*Details about Patient Information made available to the subject or subject's agent.(en)"
          },
          "at0032.1" : {
            "@type" : "ARCHETYPE_TERM",
            "code" : "at0032.1",
            "text" : "Navn",
            "description" : "*Identification of the information made available.(en)"
          },
          "at0035.1" : {
            "@type" : "ARCHETYPE_TERM",
            "code" : "at0035.1",
            "text" : "Beskrivelse",
            "description" : "*Narrative description of the patient information made available.(en)"
          }
        },
        "de" : {
          "at0000.1" : {
            "@type" : "ARCHETYPE_TERM",
            "code" : "at0000.1",
            "text" : "Informert samtykke",
            "description" : "Aufzeichnungen über den Status und Einzelheiten der Einwilligungserklärung eines Patienten (oder seines Vertreters) zur einen vorgeschlagenen Prozedur, Studie oder einen anderen gesundheitsbezogenen Aktivität (einschließlich Behandlungen und Untersuchungen) auf der Grundlage einer klaren Einschätzung und eines klaren Verständnisses der Fakten, Auswirkungen und möglichen zukünftigen Konsequenzen durch den Patienten oder dessen Vertreter."
          },
          "at0002.1" : {
            "@type" : "ARCHETYPE_TERM",
            "code" : "at0002.1",
            "text" : "Prosedyre/Sak/Aktivitet",
            "description" : "Identifizierung der Prozedur, klinischen Studie oder der gesundheitsbezogenen Aktivität (einschließlich der richtigen Stelle / des richtigen Standorts, falls zutreffend), für die der Einwilligungsstatus und Details aufgezeichnet werden."
          },
          "at0030.1" : {
            "@type" : "ARCHETYPE_TERM",
            "code" : "at0030.1",
            "text" : "Prosedyre/Sak/Aktivitet beskrivelse",
            "description" : "Beschreibung der Prozedur, klinischen Prüfung oder der gesundheitsbezogenen Aktivität."
          },
          "at0031.1" : {
            "@type" : "ARCHETYPE_TERM",
            "code" : "at0031.1",
            "text" : "Hensikt",
            "description" : "Beschreibung der Absicht der Prozedur, klinischen Prüfung oder der gesundheitsbezogenen Aktivität."
          },
          "at0011.1" : {
            "@type" : "ARCHETYPE_TERM",
            "code" : "at0011.1",
            "text" : "Samtykke beskrivelse",
            "description" : "Beschreibung der Einwilligungserklärung, die erforderlich ist oder aufgezeichnet werden soll, bevor die vorgeschlagene Prozedur, klinische Prüfung oder gesundheitsbezogene Aktivitäten durchgeführt werden."
          },
          "at0004.1" : {
            "@type" : "ARCHETYPE_TERM",
            "code" : "at0004.1",
            "text" : "Type samtykke",
            "description" : "Form der beantragten oder erteilten Einwilligung."
          },
          "at0007.1" : {
            "@type" : "ARCHETYPE_TERM",
            "code" : "at0007.1",
            "text" : "Årsak",
            "description" : "Grund, warum der Verlaufsschritt für die benannte Prozedur, klinische Studie oder die gesundheitsbezogene Aktivität durchgeführt wurde.",
            "comment" : "Zum Beispiel der Grund für \"Einwilligung verweigert\" oder \"Einwilligung widerrufen\"."
          },
          "at0008.1" : {
            "@type" : "ARCHETYPE_TERM",
            "code" : "at0008.1",
            "text" : "Startdato",
            "description" : "Datum und optionale Uhrzeit, zu der die Gültigkeit der Einwilligungserklärung wirksam wird."
          },
          "at0009.1" : {
            "@type" : "ARCHETYPE_TERM",
            "code" : "at0009.1",
            "text" : "Sluttdato",
            "description" : "Datum und optionale Uhrzeit, zu der die Gültigkeit der Einwilligungserklärung abgelaufen ist."
          },
          "at0010.1" : {
            "@type" : "ARCHETYPE_TERM",
            "code" : "at0010.1",
            "text" : "Påminnelse",
            "description" : "Einzelheiten zu Bedingungen oder Ausnahmen der Einwilligungserklärung."
          },
          "at0025.1" : {
            "@type" : "ARCHETYPE_TERM",
            "code" : "at0025.1",
            "text" : "Samtykkedokument brukt",
            "description" : "Identifizierung des verwendeten Einwilligungsformulars oder Dokuments."
          },
          "at0026.1" : {
            "@type" : "ARCHETYPE_TERM",
            "code" : "at0026.1",
            "text" : "Evalueringsdato",
            "description" : "Datum, an dem der Einwilligungsstatus überprüft werden muss."
          },
          "at0033.1" : {
            "@type" : "ARCHETYPE_TERM",
            "code" : "at0033.1",
            "text" : "Pasientinformasjon",
            "description" : "Details zur Patienteninformation, die der Person oder dem Vertreter der Person zur Verfügung gestellt werden."
          },
          "at0032.1" : {
            "@type" : "ARCHETYPE_TERM",
            "code" : "at0032.1",
            "text" : "Navn",
            "description" : "Identifizierung der zur Verfügung gestellten Information.",
            "comment" : "Zum Beispiel der Name des Formulars."
          },
          "at0035.1" : {
            "@type" : "ARCHETYPE_TERM",
            "code" : "at0035.1",
            "text" : "Beskrivelse",
            "description" : "Beschreibung der zur Verfügung gestellten Patienteninformation."
          }
        }
      },
      "termBindings" : { },
      "terminologyExtracts" : { },
      "valueSets" : { }
    },
    "adlVersion" : "1.4",
    "buildUid" : "0ab3a4c8-9f06-4de5-9f75-a11670372d16",
    "rmName" : "openehr",
    "rmRelease" : "1.1.0",
    "generated" : true,
    "otherMetaData" : { },
    "originalLanguage" : {
      "terminologyId" : {
        "value" : "ISO_639-1"
      },
      "codeString" : "en"
    },
    "translations" : [ {
      "@type" : "TRANSLATION_DETAILS",
      "language" : {
        "terminologyId" : {
          "value" : "ISO_639-1"
        },
        "codeString" : "de"
      },
      "author" : {
        "name" : "Aurelie Tomczak, Natalia Strauch",
        "organisation" : "Institute of Pathology, University Hospital Heidelberg, Germany, Medizinische Hochschule Hannover",
        "email" : "au.tomczak@yahoo.com, Strauch.Natalia@mh-hannover.de"
      },
      "otherDetails" : { }
    }, {
      "@type" : "TRANSLATION_DETAILS",
      "language" : {
        "terminologyId" : {
          "value" : "ISO_639-1"
        },
        "codeString" : "ru"
      },
      "author" : {
        "name" : "Art Latyp; Латыпов Артур Шамилевич",
        "organisation" : "RusBITech РусБИТех"
      },
      "accreditation" : "hmm",
      "otherDetails" : { }
    } ]
  }, {
    "@type" : "TEMPLATE_OVERLAY",
    "uid" : "acb3a326-ff9f-4397-bacb-862d4ec94899",
    "description" : {
      "@type" : "RESOURCE_DESCRIPTION",
      "originalAuthor" : { },
      "otherContributors" : [ ],
      "ipAcknowledgements" : { },
      "references" : { },
      "conversionDetails" : { },
      "otherDetails" : {
        "PARENT:MD5-CAM-1.0.1" : "676BA8B1EECC8E955AEE33E906D72324"
      },
      "details" : { }
    },
    "parentArchetypeId" : "openEHR-EHR-EVALUATION.precaution.v1",
    "differential" : true,
    "archetypeId" : {
      "@type" : "ARCHETYPE_HRID",
      "value" : "openEHR-EHR-EVALUATION.ovl-precaution-006.v1"
    },
    "definition" : {
      "@type" : "C_COMPLEX_OBJECT",
      "rmTypeName" : "EVALUATION",
      "nodeId" : "at0000.1",
      "attributes" : [ {
        "@type" : "C_ATTRIBUTE",
        "rmAttributeName" : "data",
        "children" : [ {
          "@type" : "C_COMPLEX_OBJECT",
          "rmTypeName" : "ITEM_TREE",
          "nodeId" : "at0001",
          "attributes" : [ {
            "@type" : "C_ATTRIBUTE",
            "rmAttributeName" : "items",
            "children" : [ {
              "@type" : "C_COMPLEX_OBJECT",
              "rmTypeName" : "ELEMENT",
              "nodeId" : "at0002.1",
              "attributes" : [ ],
              "attributeTuples" : [ ]
            }, {
              "@type" : "C_COMPLEX_OBJECT",
              "rmTypeName" : "ELEMENT",
              "nodeId" : "at0014.1",
              "attributes" : [ {
                "@type" : "C_ATTRIBUTE",
                "rmAttributeName" : "value",
                "children" : [ {
                  "@type" : "C_COMPLEX_OBJECT",
                  "rmTypeName" : "DV_CODED_TEXT",
                  "attributes" : [ {
                    "@type" : "C_ATTRIBUTE",
                    "rmAttributeName" : "defining_code",
                    "children" : [ {
                      "@type" : "C_TERMINOLOGY_CODE",
                      "rmTypeName" : "CODE_PHRASE",
                      "occurrences" : "1..1",
                      "terminologyId" : {
                        "value" : "local"
                      },
                      "constraint" : [ "at0015", "at0018", "at0019" ]
                    } ]
                  } ],
                  "attributeTuples" : [ ]
                } ]
              } ],
              "attributeTuples" : [ ]
            }, {
              "@type" : "C_COMPLEX_OBJECT",
              "rmTypeName" : "ELEMENT",
              "occurrences" : "0..0",
              "nodeId" : "at0003.1",
              "attributes" : [ ],
              "attributeTuples" : [ ]
            }, {
              "@type" : "C_COMPLEX_OBJECT",
              "rmTypeName" : "ELEMENT",
              "nodeId" : "at0013.1",
              "attributes" : [ {
                "@type" : "C_ATTRIBUTE",
                "rmAttributeName" : "value",
                "children" : [ {
                  "@type" : "C_COMPLEX_OBJECT",
                  "rmTypeName" : "DV_CODED_TEXT",
                  "occurrences" : "0..1",
                  "attributes" : [ {
                    "@type" : "C_ATTRIBUTE",
                    "rmAttributeName" : "defining_code",
                    "existence" : "0..1",
                    "children" : [ {
                      "@type" : "C_TERMINOLOGY_CODE",
                      "terminologyId" : {
                        "value" : "SNOMED-CT"
                      },
                      "constraint" : [ ],
                      "includedExternalTerminologyCodes" : [ {
                        "terminologyId" : "SNOMED-CT",
                        "code" : "189822004 ",
                        "value" : "Smittsom sykdom"
                      } ]
                    } ]
                  } ],
                  "attributeTuples" : [ ]
                } ]
              } ],
              "attributeTuples" : [ ]
            }, {
              "@type" : "C_COMPLEX_OBJECT",
              "rmTypeName" : "ELEMENT",
              "occurrences" : "0..0",
              "nodeId" : "at0008.1",
              "attributes" : [ ],
              "attributeTuples" : [ ]
            } ]
          } ],
          "attributeTuples" : [ ]
        } ]
      } ],
      "attributeTuples" : [ ]
    },
    "terminology" : {
      "@type" : "ARCHETYPE_TERMINOLOGY",
      "conceptCode" : "at0000",
      "termDefinitions" : {
        "en" : {
          "at0002.1" : {
            "@type" : "ARCHETYPE_TERM",
            "code" : "at0002.1",
            "text" : "Smitte",
            "description" : "Identification, by name, of a condition or state.",
            "comment" : "Coding of the identified 'Condition' with a terminology is desirable, where possible."
          }
        },
        "nb" : {
          "at0002.1" : {
            "@type" : "ARCHETYPE_TERM",
            "code" : "at0002.1",
            "text" : "Smitte",
            "description" : "Navnet på tilstanden eller statusen.",
            "comment" : "Koding av tilstanden med en terminologi er ønskelig, dersom mulig."
          }
        }
      },
      "termBindings" : { },
      "terminologyExtracts" : { },
      "valueSets" : { }
    },
    "adlVersion" : "1.4",
    "buildUid" : "63ba097a-829e-4cff-9668-9548291aef3f",
    "rmName" : "openehr",
    "rmRelease" : "1.1.0",
    "generated" : true,
    "otherMetaData" : { },
    "originalLanguage" : {
      "terminologyId" : {
        "value" : "ISO_639-1"
      },
      "codeString" : "en"
    },
    "translations" : [ {
      "@type" : "TRANSLATION_DETAILS",
      "language" : {
        "terminologyId" : {
          "value" : "ISO_639-1"
        },
        "codeString" : "nb"
      },
      "author" : {
        "name" : "Silje Ljosland Bakke og John Tore Valand",
        "organisation" : "Nasjonal IKT HF, Helse Bergen HF",
        "email" : "silje.ljosland.bakke@nasjonalikt.no, john.tore.valand@helse-bergen.no"
      },
      "otherDetails" : { }
    } ]
  } ],
  "originalLanguage" : {
    "terminologyId" : {
      "value" : "ISO_639-1"
    },
    "codeString" : "en"
  },
  "translations" : [ {
    "@type" : "TRANSLATION_DETAILS",
    "language" : {
      "terminologyId" : {
        "value" : "ISO_639-1"
      },
      "codeString" : "nb"
    },
    "author" : {
      "name" : "Lars Bitsch-Larsen",
      "organisation" : "Haukeland University Hospital of Bergen, Norway",
      "email" : "lbla@helse-bergen.no"
    },
    "accreditation" : "MD, DEAA, MBA, spec in anesthesia, spec in tropical medicine.",
    "otherDetails" : { }
  }, {
    "@type" : "TRANSLATION_DETAILS",
    "language" : {
      "terminologyId" : {
        "value" : "ISO_639-1"
      },
      "codeString" : "ko"
    },
    "author" : {
      "name" : "Seung-Jong Yu",
      "organisation" : "NOUSCO Co.,Ltd.",
      "email" : "seungjong.yu@gmail.com"
    },
    "accreditation" : "Certified Board of Family Medicine in South Korea",
    "otherDetails" : { }
  }, {
    "@type" : "TRANSLATION_DETAILS",
    "language" : {
      "terminologyId" : {
        "value" : "ISO_639-1"
      },
      "codeString" : "es-ar"
    },
    "author" : {
      "name" : "Edgardo Vazquez",
      "organisation" : "VinculoMedico"
    },
    "accreditation" : "Medical Doctor",
    "otherDetails" : { }
  }, {
    "@type" : "TRANSLATION_DETAILS",
    "language" : {
      "terminologyId" : {
        "value" : "ISO_639-1"
      },
      "codeString" : "ar-sy"
    },
    "author" : {
      "name" : "Mona Saleh"
    },
    "otherDetails" : { }
  } ]
}